id_producto,nombre,formato,categoria,subcategoria
BB-CO-001,Agua mineral bebé,1ud,Bebes,Comida infantil
BB-CO-002,Cereales infantiles con miel,1ud,Bebes,Comida infantil
BB-CO-003,Cereales infantiles sin gluten,1ud,Bebes,Comida infantil
BB-CO-004,Galletitas para bebé,1ud,Bebes,Comida infantil
BB-CO-005,Potito de frutas variadas,1ud,Bebes,Comida infantil
BB-CO-006,Potito de verdura y merluza,1ud,Bebes,Comida infantil
BB-CO-007,Potito de verdura y pollo,1ud,Bebes,Comida infantil
BB-CU-001,Aceite corporal bebé,1ud,Bebes,Cuidado e higiene del bebé
BB-CU-002,Champú suave bebé,1ud,Bebes,Cuidado e higiene del bebé
BB-CU-003,Crema protectora pañal,1ud,Bebes,Cuidado e higiene del bebé
BB-CU-004,Gel de baño bebé,1ud,Bebes,Cuidado e higiene del bebé
BB-LE-001,Leche de fórmula continuación,1ud,Bebes,Leche de fórmula
BB-LE-002,Leche de fórmula inicio,1ud,Bebes,Leche de fórmula
BB-PA-001,Pañales talla 1,pack,Bebes,Pañales
BB-PA-002,Pañales talla 2,pack,Bebes,Pañales
BB-PA-003,Pañales talla 3,pack,Bebes,Pañales
BB-PA-004,Pañales talla 4,pack,Bebes,Pañales
BB-PA-005,Pañales talla 5,pack,Bebes,Pañales
BB-TO-001,Algodón hidrófilo bebé,pack,Bebes,Toallitas y algodón
BB-TO-002,Toallitas húmedas bebé,pack,Bebes,Toallitas y algodón
BE-AG-001,Agua mineral con gas,"1,5l",Bebidas,Agua
BE-AG-002,Agua mineral natural,"1,5l",Bebidas,Agua
BE-CE-001,"Cerveza 0,0","0,33l",Bebidas,Cerveza
BE-CE-002,Cerveza rubia botella,1l,Bebidas,Cerveza
BE-CE-003,Cerveza rubia lata,"0,33l",Bebidas,Cerveza
BE-CE-004,Cerveza sin gluten,"0,33l",Bebidas,Cerveza
BE-CE-005,Cerveza tostada,"0,33l",Bebidas,Cerveza
BE-CE-006,Sidra natural,1l,Bebidas,Cerveza
BE-LI-001,Ginebra estándar,500ml,Bebidas,Licores y destilados
BE-LI-002,Licor de café,500ml,Bebidas,Licores y destilados
BE-LI-003,Licor de hierbas,500ml,Bebidas,Licores y destilados
BE-LI-004,Ron añejo,500ml,Bebidas,Licores y destilados
BE-LI-005,Ron blanco,500ml,Bebidas,Licores y destilados
BE-LI-006,Vodka,500ml,Bebidas,Licores y destilados
BE-LI-007,Whisky blended,500ml,Bebidas,Licores y destilados
BE-RE-001,Agua saborizada limón,"0,33l",Bebidas,Refrescos
BE-RE-002,Bebida isotónica limón,"0,33l",Bebidas,Refrescos
BE-RE-003,Refresco de cola,"0,33l",Bebidas,Refrescos
BE-RE-004,Refresco de cola sin azúcar,"0,33l",Bebidas,Refrescos
BE-RE-005,Refresco de lima-limón,"0,33l",Bebidas,Refrescos
BE-RE-006,Refresco de limón,"0,33l",Bebidas,Refrescos
BE-RE-007,Refresco de naranja,"0,33l",Bebidas,Refrescos
BE-RE-008,Agua saborizada limón,2l,Bebidas,Refrescos
BE-RE-009,Bebida isotónica limón,2l,Bebidas,Refrescos
BE-RE-010,Refresco de cola,2l,Bebidas,Refrescos
BE-RE-011,Refresco de cola sin azúcar,2l,Bebidas,Refrescos
BE-RE-012,Refresco de lima-limón,2l,Bebidas,Refrescos
BE-RE-013,Refresco de limón,2l,Bebidas,Refrescos
BE-RE-014,Refresco de naranja,2l,Bebidas,Refrescos
BE-RE-015,Refresco de naranja zero,2l,Bebidas,Refrescos
BE-RE-016,Tónica,"0,33l",Bebidas,Refrescos
BE-VI-001,Vermut blanco,750ml,Bebidas,Vino
BE-VI-002,Vermut rojo,750ml,Bebidas,Vino
BE-VI-003,Vino blanco afrutado,750ml,Bebidas,Vino
BE-VI-004,Vino blanco seco,750ml,Bebidas,Vino
BE-VI-005,Vino espumoso brut,750ml,Bebidas,Vino
BE-VI-006,Vino espumoso cava,750ml,Bebidas,Vino
BE-VI-007,Vino rosado,750ml,Bebidas,Vino
BE-VI-008,Vino tinto crianza,750ml,Bebidas,Vino
BE-VI-009,Vino tinto joven,750ml,Bebidas,Vino
BE-ZU-001,Néctar de melocotón,"1,5l",Bebidas,Zumos
BE-ZU-002,Zumo de naranja envasado,"1,5l",Bebidas,Zumos
BE-ZU-003,Zumo de piña,"1,5l",Bebidas,Zumos
BE-ZU-004,Zumo de tomate,"1,5l",Bebidas,Zumos
BE-ZU-005,Zumo multifrutas,"1,5l",Bebidas,Zumos
BZ-BO-001,Bombillas halógenas,pack,Bazar y Varios,Bombillas y material electrico
BZ-BO-002,Bombillas LED bajo consumo,pack,Bazar y Varios,Bombillas y material electrico
BZ-BO-003,Regleta alargador,1ud,Bazar y Varios,Bombillas y material electrico
BZ-ME-001,Cazo pequeño,1ud,Bazar y Varios,Menaje y utensilios de cocina
BZ-ME-002,Colador metálico,1ud,Bazar y Varios,Menaje y utensilios de cocina
BZ-ME-003,Cucharas de mesa,1ud,Bazar y Varios,Menaje y utensilios de cocina
BZ-ME-004,Cucharillas de postre,pack,Bazar y Varios,Menaje y utensilios de cocina
BZ-ME-005,Cucharón sopero,1ud,Bazar y Varios,Menaje y utensilios de cocina
BZ-ME-006,Cuchillos de cocina,pack,Bazar y Varios,Menaje y utensilios de cocina
BZ-ME-007,Espátula de cocina silicona,1ud,Bazar y Varios,Menaje y utensilios de cocina
BZ-ME-008,Fiambreras de cristal,pack,Bazar y Varios,Menaje y utensilios de cocina
BZ-ME-009,Fiambreras de plástico,pack,Bazar y Varios,Menaje y utensilios de cocina
BZ-ME-010,Juego de ollas de acero,pack,Bazar y Varios,Menaje y utensilios de cocina
BZ-ME-011,Platos de postre,pack,Bazar y Varios,Menaje y utensilios de cocina
BZ-ME-012,Platos hondos,pack,Bazar y Varios,Menaje y utensilios de cocina
BZ-ME-013,Platos llanos cerámica,pack,Bazar y Varios,Menaje y utensilios de cocina
BZ-ME-014,Sartenes antiadherentes,pack,Bazar y Varios,Menaje y utensilios de cocina
BZ-ME-015,Tabla de cortar,1ud,Bazar y Varios,Menaje y utensilios de cocina
BZ-ME-016,Tapas de silicona reutilizables,1ud,Bazar y Varios,Menaje y utensilios de cocina
BZ-ME-017,Tazas de desayuno,1ud,Bazar y Varios,Menaje y utensilios de cocina
BZ-ME-018,Tenedores de mesa,pack,Bazar y Varios,Menaje y utensilios de cocina
BZ-ME-019,Vasos de cristal,pack,Bazar y Varios,Menaje y utensilios de cocina
BZ-OT-001,Botellas reutilizables,1ud,Bazar y Varios,Otros bazar
BZ-PA-001,Archivadores de cartón,pack,Bazar y Varios,Papelería y oficina
BZ-PA-002,Bolígrafo azul,pack,Bazar y Varios,Papelería y oficina
BZ-PA-003,Bolígrafo negro,pack,Bazar y Varios,Papelería y oficina
BZ-PA-004,Carpetas de anillas,1ud,Bazar y Varios,Papelería y oficina
BZ-PA-005,Cinta adhesiva,1ud,Bazar y Varios,Papelería y oficina
BZ-PA-006,Cuadernos tamaño A4,1ud,Bazar y Varios,Papelería y oficina
BZ-PA-007,Cuadernos tamaño A5,1ud,Bazar y Varios,Papelería y oficina
BZ-PA-008,Goma de borrar,1ud,Bazar y Varios,Papelería y oficina
BZ-PA-009,Grapas para grapadora,1ud,Bazar y Varios,Papelería y oficina
BZ-PA-010,Hojas de impresora,1ud,Bazar y Varios,Papelería y oficina
BZ-PA-011,Lapiceros de grafito,1ud,Bazar y Varios,Papelería y oficina
BZ-PA-012,Rotuladores de colores,1ud,Bazar y Varios,Papelería y oficina
BZ-PA-013,Sacapuntas,1ud,Bazar y Varios,Papelería y oficina
BZ-PA-014,Sobres blancos,1ud,Bazar y Varios,Papelería y oficina
BZ-PA-015,Tijeras de oficina,1ud,Bazar y Varios,Papelería y oficina
BZ-PI-001,Pilas alcalinas AA,pack,Bazar y Varios,Pilas
BZ-PI-002,Pilas alcalinas AAA,pack,Bazar y Varios,Pilas
BZ-PI-003,Pilas botón,pack,Bazar y Varios,Pilas
BZ-RE-001,Revistas de actualidad,1ud,Bazar y Varios,Revistas
BZ-RE-002,Revistas de cocina,1ud,Bazar y Varios,Revistas
BZ-RE-003,Revistas de decoración,1ud,Bazar y Varios,Revistas
CA-CA-001,Albóndigas preparadas,1kg,Carnicería y Charcutería,Carne preparada
CA-CA-002,Carne picada mixta,1kg,Carnicería y Charcutería,Carne preparada
CA-CA-003,Hamburguesas de vacuno,1kg,Carnicería y Charcutería,Carne preparada
CA-CA-004,Hamburguesas mixtas,1kg,Carnicería y Charcutería,Carne preparada
CA-CA-005,Pinchos morunos de cerdo,1kg,Carnicería y Charcutería,Carne preparada
CA-CA-006,Pinchos morunos de pollo,1kg,Carnicería y Charcutería,Carne preparada
CA-CA-007,Redondo de ternera,1kg,Carnicería y Charcutería,Carne preparada
CA-CA-008,Salchichas de pavo,1kg,Carnicería y Charcutería,Carne preparada
CA-CA-009,Salchichas de pollo,1kg,Carnicería y Charcutería,Carne preparada
CA-CA-010,Salchichas frescas para parrilla,1kg,Carnicería y Charcutería,Carne preparada
CA-CA-011,Salchichas tipo Frankfurt,pack,Carnicería y Charcutería,Carne preparada
CA-CA-012,Salchichas tipo Viena,pack,Carnicería y Charcutería,Carne preparada
CA-CE-001,Bacon loncheado,1kg,Carnicería y Charcutería,Cerdo
CA-CE-002,Carne de cerdo para guiso,1kg,Carnicería y Charcutería,Cerdo
CA-CE-003,Carrilleras de cerdo,1kg,Carnicería y Charcutería,Cerdo
CA-CE-004,Chuletas de lomo,1kg,Carnicería y Charcutería,Cerdo
CA-CE-005,Costillas de cerdo adobadas,1kg,Carnicería y Charcutería,Cerdo
CA-CE-006,Lomo de cerdo en filetes,1kg,Carnicería y Charcutería,Cerdo
CA-CE-007,Lomo de cerdo entero,1kg,Carnicería y Charcutería,Cerdo
CA-CE-008,Paleta ibérica,1kg,Carnicería y Charcutería,Cerdo
CA-CE-009,Panceta curada,1kg,Carnicería y Charcutería,Cerdo
CA-CE-010,Panceta fresca,1kg,Carnicería y Charcutería,Cerdo
CA-CE-011,Pluma ibérica,1kg,Carnicería y Charcutería,Cerdo
CA-CE-012,Secreto ibérico,1kg,Carnicería y Charcutería,Cerdo
CA-CE-013,Solomillo de cerdo,1kg,Carnicería y Charcutería,Cerdo
CA-CE-014,Tacos de bacon,1kg,Carnicería y Charcutería,Cerdo
CA-CH-001,Cecina de vaca,1kg,Carnicería y Charcutería,Charcuteria
CA-CH-002,Chorizo dulce,1kg,Carnicería y Charcutería,Charcuteria
CA-CH-003,Chorizo fresco para guisar,1kg,Carnicería y Charcutería,Charcuteria
CA-CH-004,Chorizo picante,1kg,Carnicería y Charcutería,Charcuteria
CA-CH-005,Embutido de pollo bajo en grasa,1kg,Carnicería y Charcutería,Charcuteria
CA-CH-006,Fuet,1kg,Carnicería y Charcutería,Charcuteria
CA-CH-007,Jamón cocido en lonchas,1kg,Carnicería y Charcutería,Charcuteria
CA-CH-008,Jamón en taquitos para cocinar,1kg,Carnicería y Charcutería,Charcuteria
CA-CH-009,Jamón ibérico loncheado,1kg,Carnicería y Charcutería,Charcuteria
CA-CH-010,Jamón serrano en pieza,1kg,Carnicería y Charcutería,Charcuteria
CA-CH-011,Jamón serrano loncheado,1kg,Carnicería y Charcutería,Charcuteria
CA-CH-012,Jamón york bajo en sal,1kg,Carnicería y Charcutería,Charcuteria
CA-CH-013,Lomo embuchado,1kg,Carnicería y Charcutería,Charcuteria
CA-CH-014,Longaniza,1kg,Carnicería y Charcutería,Charcuteria
CA-CH-015,Mortadela,1kg,Carnicería y Charcutería,Charcuteria
CA-CH-016,Mortadela con aceitunas,1kg,Carnicería y Charcutería,Charcuteria
CA-CH-017,Salami,1kg,Carnicería y Charcutería,Charcuteria
CA-CH-018,Salchichón cular,1kg,Carnicería y Charcutería,Charcuteria
CA-CH-019,Salchichón extra loncheado,1kg,Carnicería y Charcutería,Charcuteria
CA-CO-001,Chuletas de cordero,1kg,Carnicería y Charcutería,Cordero
CA-CO-002,Cordero lechal entero,1kg,Carnicería y Charcutería,Cordero
CA-CO-003,Paletilla de cordero,1kg,Carnicería y Charcutería,Cordero
CA-CO-004,Pierna de cordero,1kg,Carnicería y Charcutería,Cordero
CA-CO-005,Riñones de cordero,1kg,Carnicería y Charcutería,Cordero
CA-PA-001,Alas de pavo,1kg,Carnicería y Charcutería,Pavo
CA-PA-002,Fiambre de pavo,1kg,Carnicería y Charcutería,Pavo
CA-PA-003,Muslos de pavo,1kg,Carnicería y Charcutería,Pavo
CA-PA-004,Pavo troceado,1kg,Carnicería y Charcutería,Pavo
CA-PA-005,Pechuga de pavo braseada,1kg,Carnicería y Charcutería,Pavo
CA-PO-001,Alitas de pollo,1kg,Carnicería y Charcutería,Pollo
CA-PO-002,Brochetas de pollo adobadas,1kg,Carnicería y Charcutería,Pollo
CA-PO-003,Carne picada de pollo,1kg,Carnicería y Charcutería,Pollo
CA-PO-004,Contramuslos de pollo,1kg,Carnicería y Charcutería,Pollo
CA-PO-005,Hígado de pollo,1kg,Carnicería y Charcutería,Pollo
CA-PO-006,Muslos de pollo,1kg,Carnicería y Charcutería,Pollo
CA-PO-007,Pechuga de pollo marinada,1kg,Carnicería y Charcutería,Pollo
CA-PO-008,Pechugas de pollo frescas,1kg,Carnicería y Charcutería,Pollo
CA-PO-009,Pollo campero entero,1kg,Carnicería y Charcutería,Pollo
CA-PO-010,Pollo entero,1kg,Carnicería y Charcutería,Pollo
CA-VA-001,Callos de vacuno,1kg,Carnicería y Charcutería,Vacuno
CA-VA-002,Carne de res para estofado,1kg,Carnicería y Charcutería,Vacuno
CA-VA-003,Carne de res para guiso,1kg,Carnicería y Charcutería,Vacuno
CA-VA-004,Carne picada de ternera,1kg,Carnicería y Charcutería,Vacuno
CA-VA-005,Chuletas de aguja,1kg,Carnicería y Charcutería,Vacuno
CA-VA-006,Chuletón de vaca,1kg,Carnicería y Charcutería,Vacuno
CA-VA-007,Costillas adobadas barbacoa,1kg,Carnicería y Charcutería,Vacuno
CA-VA-008,Costillas de ternera,1kg,Carnicería y Charcutería,Vacuno
CA-VA-009,Entrecot de ternera,1kg,Carnicería y Charcutería,Vacuno
CA-VA-010,Falda de ternera,1kg,Carnicería y Charcutería,Vacuno
CA-VA-011,Filetes de ternera,1kg,Carnicería y Charcutería,Vacuno
CA-VA-012,Hígado de ternera,1kg,Carnicería y Charcutería,Vacuno
CA-VA-013,Rabo de toro,1kg,Carnicería y Charcutería,Vacuno
CA-VA-014,Solomillo de ternera,1kg,Carnicería y Charcutería,Vacuno
CO-CM-001,Almejas en conserva,1ud,Conservas y Enlatados,Conservas de marisco/moluscos especificos
CO-CM-002,Berberechos en conserva,1ud,Conservas y Enlatados,Conservas de marisco/moluscos especificos
CO-CO-001,Anchoas en aceite de oliva,1ud,Conservas y Enlatados,Conservas de pescado y mariscos
CO-CO-002,Atún al natural,1ud,Conservas y Enlatados,Conservas de pescado y mariscos
CO-CO-003,Atún en aceite de girasol,1ud,Conservas y Enlatados,Conservas de pescado y mariscos
CO-CO-004,Atún en aceite de oliva,1ud,Conservas y Enlatados,Conservas de pescado y mariscos
CO-CO-005,Bonito del norte en aceite,1ud,Conservas y Enlatados,Conservas de pescado y mariscos
CO-CO-006,Caballa en aceite de oliva,1ud,Conservas y Enlatados,Conservas de pescado y mariscos
CO-CO-007,Chipirones en su tinta,1ud,Conservas y Enlatados,Conservas de pescado y mariscos
CO-CO-008,Mejillones en escabeche,1ud,Conservas y Enlatados,Conservas de pescado y mariscos
CO-CO-009,Pulpo en aceite,1ud,Conservas y Enlatados,Conservas de pescado y mariscos
CO-CO-010,Sardinas en aceite de oliva,1ud,Conservas y Enlatados,Conservas de pescado y mariscos
CO-CO-011,Sardinas en escabeche,1ud,Conservas y Enlatados,Conservas de pescado y mariscos
CO-FR-001,Cóctel de frutas en almíbar,1ud,Conservas y Enlatados,Frutas en almibar o en su jugo
CO-FR-002,Frutas en almíbar (melocotón),1ud,Conservas y Enlatados,Frutas en almibar o en su jugo
CO-FR-003,Peras en almíbar,1ud,Conservas y Enlatados,Frutas en almibar o en su jugo
CO-FR-004,Piña en su jugo,1ud,Conservas y Enlatados,Frutas en almibar o en su jugo
CO-HE-001,Bombones helados,pack,Congelados,Helados y postres congelados
CO-HE-002,Helado de chocolate,pack,Congelados,Helados y postres congelados
CO-HE-003,Helado de fresa,pack,Congelados,Helados y postres congelados
CO-HE-004,Helado de nata y nueces,pack,Congelados,Helados y postres congelados
CO-HE-005,Helado de vainilla,pack,Congelados,Helados y postres congelados
CO-HE-006,Polos de hielo sabores surtidos,pack,Congelados,Helados y postres congelados
CO-HE-007,Tarta helada de nata y chocolate,1ud,Congelados,Helados y postres congelados
CO-PL-001,Albóndigas de carne congeladas,1kg,Congelados,Platos congelados preparados
CO-PL-002,Anillas de calamar rebozadas congeladas,1kg,Congelados,Platos congelados preparados
CO-PL-003,Canelones de carne congelados,1kg,Congelados,Platos congelados preparados
CO-PL-004,Croquetas de jamón congeladas,1kg,Congelados,Platos congelados preparados
CO-PL-005,Croquetas de pollo congeladas,1kg,Congelados,Platos congelados preparados
CO-PL-006,Fideuá congelada,1kg,Congelados,Platos congelados preparados
CO-PL-007,Filetes de merluza rebozados congelados,1kg,Congelados,Platos congelados preparados
CO-PL-008,Fingers de pollo congelados,1kg,Congelados,Platos congelados preparados
CO-PL-009,Hamburguesas de pollo congeladas,1kg,Congelados,Platos congelados preparados
CO-PL-010,Hamburguesas de vacuno congeladas,1kg,Congelados,Platos congelados preparados
CO-PL-011,Lasaña de carne congelada,1kg,Congelados,Platos congelados preparados
CO-PL-012,Lasaña de espinacas congelada,1kg,Congelados,Platos congelados preparados
CO-PL-013,Nuggets de pollo congelados,1kg,Congelados,Platos congelados preparados
CO-PL-014,Paella mixta congelada,1kg,Congelados,Platos congelados preparados
CO-PL-015,Patatas fritas congeladas,1kg,Congelados,Platos congelados preparados
CO-PL-016,Pizza congelada barbacoa,1kg,Congelados,Platos congelados preparados
CO-PL-017,Pizza congelada cuatro quesos,1kg,Congelados,Platos congelados preparados
CO-PL-018,Pizza congelada jamón y queso,1kg,Congelados,Platos congelados preparados
CO-PL-019,Varitas de pescado congeladas,1kg,Congelados,Platos congelados preparados
CO-SO-001,Crema de verduras en lata,1ud,Conservas y Enlatados,"Sopas, cremas y otros preparados"
CO-SO-002,Puré de patata instantáneo en caja,1ud,Conservas y Enlatados,"Sopas, cremas y otros preparados"
CO-SO-003,Sopa de cocido en lata,1ud,Conservas y Enlatados,"Sopas, cremas y otros preparados"
CO-VE-001,Alcachofas en conserva,1ud,Conservas y Enlatados,"Verduras, legumbres y hortalizas en conserva"
CO-VE-002,Alubias blancas cocidas,1ud,Conservas y Enlatados,"Verduras, legumbres y hortalizas en conserva"
CO-VE-003,Alubias rojas cocidas,1ud,Conservas y Enlatados,"Verduras, legumbres y hortalizas en conserva"
CO-VE-004,Garbanzos cocidos en tarro,1ud,Conservas y Enlatados,"Verduras, legumbres y hortalizas en conserva"
CO-VE-005,Guisantes en conserva,1ud,Conservas y Enlatados,"Verduras, legumbres y hortalizas en conserva"
CO-VE-006,Judías verdes en conserva,1ud,Conservas y Enlatados,"Verduras, legumbres y hortalizas en conserva"
CO-VE-007,Lentejas cocidas en tarro,1ud,Conservas y Enlatados,"Verduras, legumbres y hortalizas en conserva"
CO-VE-008,Maíz dulce en lata,1ud,Conservas y Enlatados,"Verduras, legumbres y hortalizas en conserva"
CO-VE-009,Pimientos del piquillo en tarro,1ud,Conservas y Enlatados,"Verduras, legumbres y hortalizas en conserva"
CO-VE-010,Tomate entero pelado en lata,1ud,Conservas y Enlatados,"Verduras, legumbres y hortalizas en conserva"
CO-VE-011,Tomate triturado en lata,1ud,Conservas y Enlatados,"Verduras, legumbres y hortalizas en conserva"
CO-VG-001,Espinacas congeladas en porciones,1kg,Congelados,Verduras congeladas
CO-VG-002,Guisantes congelados,1kg,Congelados,Verduras congeladas
CO-VG-003,Judías verdes congeladas,1kg,Congelados,Verduras congeladas
CO-VG-004,Mezcla de verduras para ensaladilla,1kg,Congelados,Verduras congeladas
CO-VG-005,Pimientos troceados congelados,1kg,Congelados,Verduras congeladas
CO-VG-006,Salteado de verduras congelado,1kg,Congelados,Verduras congeladas
CO-VG-007,Verduras para sopa congeladas,1kg,Congelados,Verduras congeladas
CP-CC-001,Acondicionador capilar,1ud,Cuidado personal e Higiene,Cuidado del cabello
CP-CC-002,Champú anticaspa,1ud,Cuidado personal e Higiene,Cuidado del cabello
CP-CC-003,Champú cabello graso,1ud,Cuidado personal e Higiene,Cuidado del cabello
CP-CC-004,Champú cabello normal,1ud,Cuidado personal e Higiene,Cuidado del cabello
CP-CC-005,Mascarilla para el pelo,1ud,Cuidado personal e Higiene,Cuidado del cabello
CP-CR-001,Crema de manos,1ud,Cuidado personal e Higiene,Cremas y protectores
CP-CR-002,Crema hidratante corporal,1ud,Cuidado personal e Higiene,Cremas y protectores
CP-CR-003,Crema hidratante facial,1ud,Cuidado personal e Higiene,Cremas y protectores
CP-CR-004,Protector solar corporal,1ud,Cuidado personal e Higiene,Cremas y protectores
CP-CR-005,Protector solar facial,1ud,Cuidado personal e Higiene,Cremas y protectores
CP-DE-001,Desodorante de pies,1ud,Cuidado personal e Higiene,Desodorantes
CP-DE-002,Desodorante en roll-on,1ud,Cuidado personal e Higiene,Desodorantes
CP-DE-003,Desodorante en spray,1ud,Cuidado personal e Higiene,Desodorantes
CP-HB-001,Cepillo de dientes eléctrico,1ud,Cuidado personal e Higiene,Higiene bucal
CP-HB-002,Cepillo de dientes manual,1ud,Cuidado personal e Higiene,Higiene bucal
CP-HB-003,Colutorio bucal,1ud,Cuidado personal e Higiene,Higiene bucal
CP-HB-004,Hilo dental,1ud,Cuidado personal e Higiene,Higiene bucal
CP-HB-005,Pasta de dientes blanqueadora,1ud,Cuidado personal e Higiene,Higiene bucal
CP-HB-006,Pasta de dientes con flúor,1ud,Cuidado personal e Higiene,Higiene bucal
CP-HC-001,Gel de baño,1ud,Cuidado personal e Higiene,Higiene corporal
CP-HC-002,Gel íntimo,1ud,Cuidado personal e Higiene,Higiene corporal
CP-HC-003,Jabón de manos en pastilla,1ud,Cuidado personal e Higiene,Higiene corporal
CP-HC-004,Jabón de manos líquido,1ud,Cuidado personal e Higiene,Higiene corporal
CP-HC-005,Jabón íntimo masculino,1ud,Cuidado personal e Higiene,Higiene corporal
CP-HI-001,Bastoncillos de algodón,pack,Cuidado personal e Higiene,Higiene intima femenina y accesorios
CP-HI-002,Compresas,pack,Cuidado personal e Higiene,Higiene intima femenina y accesorios
CP-HI-003,Discos desmaquillantes,pack,Cuidado personal e Higiene,Higiene intima femenina y accesorios
CP-HI-004,Salvaslips,pack,Cuidado personal e Higiene,Higiene intima femenina y accesorios
CP-HI-005,Tampones,pack,Cuidado personal e Higiene,Higiene intima femenina y accesorios
CP-HI-006,Toallitas desmaquillantes,pack,Cuidado personal e Higiene,Higiene intima femenina y accesorios
CP-PR-001,After shave loción,pack,Cuidado personal e Higiene,Productos de afeitado
CP-PR-002,Cuchillas de afeitar desechables,pack,Cuidado personal e Higiene,Productos de afeitado
CP-PR-003,Espuma de afeitar,1ud,Cuidado personal e Higiene,Productos de afeitado
CP-PR-004,Máquina de afeitar recargable,1ud,Cuidado personal e Higiene,Productos de afeitado
DE-CA-001,Cacao en polvo soluble,750g,Desayuno y Snack,Café y cacaos
DE-CA-002,Café en grano,1ud,Desayuno y Snack,Café y cacaos
DE-CA-003,Café molido mezcla,1ud,Desayuno y Snack,Café y cacaos
DE-CA-004,Café molido natural,1ud,Desayuno y Snack,Café y cacaos
DE-CA-005,Café soluble,1ud,Desayuno y Snack,Café y cacaos
DE-CA-006,Cápsulas de café compatibles,pack,Desayuno y Snack,Café y cacaos
DE-CA-007,Descafeinado soluble,1ud,Desayuno y Snack,Café y cacaos
DE-CE-001,Avena en copos,1ud,Desayuno y Snack,Cereales para desayuno
DE-CE-002,Barritas de cereales,1ud,Desayuno y Snack,Cereales para desayuno
DE-CE-003,Cereales de chocolate,1ud,Desayuno y Snack,Cereales para desayuno
DE-CE-004,Cereales de maíz simples,1ud,Desayuno y Snack,Cereales para desayuno
DE-CE-005,Cereales integrales tipo muesli,1ud,Desayuno y Snack,Cereales para desayuno
DE-CE-006,Tostadas crujientes de trigo,1ud,Desayuno y Snack,Cereales para desayuno
DE-CR-001,Crema de cacahuete,1ud,Desayuno y Snack,Cremas
DE-CR-002,Crema de cacao y avellanas,1ud,Desayuno y Snack,Cremas
DE-FR-001,Frutos secos envasados almendras,150g,Desayuno y Snack,Frutos secos embasados
DE-FR-002,Mix frutos secos con pasas,150g,Desayuno y Snack,Frutos secos embasados
DE-GA-001,Galletas de avena,pack,Desayuno y Snack,Galletas dulces
DE-GA-002,Galletas digestive,pack,Desayuno y Snack,Galletas dulces
DE-GA-003,Galletas maría,pack,Desayuno y Snack,Galletas dulces
DE-GA-004,Galletas rellenas de chocolate,pack,Desayuno y Snack,Galletas dulces
DE-GS-001,Galletas saladas tipo cracker,pack,Desayuno y Snack,Galletas saladas
DE-ME-001,Mermelada de fresa,1ud,Desayuno y Snack,Mermelada y Miel
DE-ME-002,Mermelada de melocotón,1ud,Desayuno y Snack,Mermelada y Miel
DE-ME-003,Mermelada de naranja amarga,1ud,Desayuno y Snack,Mermelada y Miel
DE-ME-004,Miel de azahar,1ud,Desayuno y Snack,Mermelada y Miel
DE-ME-005,Miel de flores,1ud,Desayuno y Snack,Mermelada y Miel
DE-SN-001,Barritas energéticas de frutos secos,pack,Desayuno y Snack,Snack salados
DE-SN-002,Nachos de maíz,pack,Desayuno y Snack,Snack salados
DE-SN-003,Palitos salados,pack,Desayuno y Snack,Snack salados
DE-SN-004,Palomitas para microondas mantequilla,pack,Desayuno y Snack,Snack salados
DE-SN-005,Palomitas para microondas sal,pack,Desayuno y Snack,Snack salados
DE-SN-006,Patatas fritas clásicas,pack,Desayuno y Snack,Snack salados
DE-SN-007,Patatas fritas sabor jamón,pack,Desayuno y Snack,Snack salados
DE-SN-008,Patatas fritas sabor queso,pack,Desayuno y Snack,Snack salados
DE-TE-001,Infusión de manzanilla,pack,Desayuno y Snack,Té e infusiones
DE-TE-002,Infusión de menta poleo,pack,Desayuno y Snack,Té e infusiones
DE-TE-003,Té negro en bolsitas,pack,Desayuno y Snack,Té e infusiones
DE-TE-004,Té verde en bolsitas,pack,Desayuno y Snack,Té e infusiones
DS-AC-001,Aceite de girasol,1l,Despensa,Aceites
DS-AC-002,Aceite de oliva suave,1l,Despensa,Aceites
DS-AC-003,Aceite de oliva virgen extra,1l,Despensa,Aceites
DS-AC-004,Aceite de girasol,3l,Despensa,Aceites
DS-AC-005,Aceite de oliva suave,3l,Despensa,Aceites
DS-AC-006,Aceite de oliva virgen extra,3l,Despensa,Aceites
DS-AC-007,Aceite de girasol,5l,Despensa,Aceites
DS-AC-008,Aceite de oliva suave,5l,Despensa,Aceites
DS-AC-009,Aceite de oliva virgen extra,5l,Despensa,Aceites
DS-AC-010,Aceite de semillas,1l,Despensa,Aceites
DS-AR-001,Arroz basmati,1kg,Despensa,"Arroz, pasta y quinoa"
DS-AR-002,Arroz integral,1kg,Despensa,"Arroz, pasta y quinoa"
DS-AR-003,Arroz largo,1kg,Despensa,"Arroz, pasta y quinoa"
DS-AR-004,Arroz redondo,1kg,Despensa,"Arroz, pasta y quinoa"
DS-AR-005,Couscous medio,1kg,Despensa,"Arroz, pasta y quinoa"
DS-AR-006,Pasta espaguetis,1kg,Despensa,"Arroz, pasta y quinoa"
DS-AR-007,Pasta macarrones,1kg,Despensa,"Arroz, pasta y quinoa"
DS-AR-008,Pasta para sopa (fideos),1kg,Despensa,"Arroz, pasta y quinoa"
DS-AR-009,Pasta plumas integrales,1kg,Despensa,"Arroz, pasta y quinoa"
DS-AR-010,Quinoa,1kg,Despensa,"Arroz, pasta y quinoa"
DS-AZ-001,Azúcar blanco,1kg,Despensa,Azúcares y edulcorantes
DS-AZ-002,Azúcar glas,1kg,Despensa,Azúcares y edulcorantes
DS-AZ-003,Azúcar moreno,1kg,Despensa,Azúcares y edulcorantes
DS-AZ-004,Edulcorante en sobres,pack,Despensa,Azúcares y edulcorantes
DS-ES-001,Albahaca seca,1ud,Despensa,Especias e hierbas secas
DS-ES-002,Canela en rama,1ud,Despensa,Especias e hierbas secas
DS-ES-003,Canela molida,1ud,Despensa,Especias e hierbas secas
DS-ES-004,Comino molido,1ud,Despensa,Especias e hierbas secas
DS-ES-005,Curry en polvo,1ud,Despensa,Especias e hierbas secas
DS-ES-006,Mezcla de especias para carne,1ud,Despensa,Especias e hierbas secas
DS-ES-007,Mezcla de especias para paella,1ud,Despensa,Especias e hierbas secas
DS-ES-008,Nuez moscada molida,1ud,Despensa,Especias e hierbas secas
DS-ES-009,Orégano seco,1ud,Despensa,Especias e hierbas secas
DS-ES-010,Pimentón dulce,1ud,Despensa,Especias e hierbas secas
DS-ES-011,Pimentón picante,1ud,Despensa,Especias e hierbas secas
DS-ES-012,Pimienta blanca,1ud,Despensa,Especias e hierbas secas
DS-ES-013,Pimienta negra molida,1ud,Despensa,Especias e hierbas secas
DS-ES-014,Romero seco,1ud,Despensa,Especias e hierbas secas
DS-ES-015,Tomillo seco,1ud,Despensa,Especias e hierbas secas
DS-HA-001,Harina de maíz,1kg,Despensa,Harinas
DS-HA-002,Harina de repostería,1kg,Despensa,Harinas
DS-HA-003,Harina de trigo,1kg,Despensa,Harinas
DS-HA-004,Harina integral,1kg,Despensa,Harinas
DS-LE-001,Alubias blancas secas,1kg,Despensa,Legumbres secas
DS-LE-002,Alubias pintas secas,1kg,Despensa,Legumbres secas
DS-LE-003,Garbanzos secos,1kg,Despensa,Legumbres secas
DS-LE-004,Lentejas pardinas secas,1kg,Despensa,Legumbres secas
DS-LE-005,Lentejas rojas secas,1kg,Despensa,Legumbres secas
DS-SA-001,Sal fina,1kg,Despensa,Sales
DS-SA-002,Sal gruesa,1kg,Despensa,Sales
DS-SA-003,Sal marina,1kg,Despensa,Sales
DS-SC-001,Alioli en tarro,1ud,Despensa,"Salsas, caldos y condimentos preparados"
DS-SC-002,Caldo de carne en brik,pack 12ud,Despensa,"Salsas, caldos y condimentos preparados"
DS-SC-003,Caldo de pollo en brik,pack 12ud,Despensa,"Salsas, caldos y condimentos preparados"
DS-SC-004,Caldo de verduras en brik,pack 12ud,Despensa,"Salsas, caldos y condimentos preparados"
DS-SC-005,Caldos concentrados en pastilla,pack 12ud,Despensa,"Salsas, caldos y condimentos preparados"
DS-SC-006,Mayonesa en tarro,1ud,Despensa,"Salsas, caldos y condimentos preparados"
DS-SC-007,Mostaza clásica,1ud,Despensa,"Salsas, caldos y condimentos preparados"
DS-SC-008,Mostaza de Dijon,1ud,Despensa,"Salsas, caldos y condimentos preparados"
DS-SC-009,Salsa barbacoa,1ud,Despensa,"Salsas, caldos y condimentos preparados"
DS-SC-010,Salsa boloñesa en bote,1ud,Despensa,"Salsas, caldos y condimentos preparados"
DS-SC-011,Salsa carbonara en bote,1ud,Despensa,"Salsas, caldos y condimentos preparados"
DS-SC-012,Salsa cesar,1ud,Despensa,"Salsas, caldos y condimentos preparados"
DS-SC-013,Salsa de soja,1ud,Despensa,"Salsas, caldos y condimentos preparados"
DS-SC-014,Salsa de tomate frito,1ud,Despensa,"Salsas, caldos y condimentos preparados"
DS-SC-015,Salsa ketchup,1ud,Despensa,"Salsas, caldos y condimentos preparados"
DS-SC-016,Salsa pesto verde,1ud,Despensa,"Salsas, caldos y condimentos preparados"
DS-SC-017,Tomate natural troceado,1kg,Despensa,"Salsas, caldos y condimentos preparados"
DS-SC-018,Tomate triturado en brik,1kg,Despensa,"Salsas, caldos y condimentos preparados"
DS-VI-001,Vinagre balsámico,1l,Despensa,Vinagres
DS-VI-002,Vinagre de manzana,1l,Despensa,Vinagres
DS-VI-003,Vinagre de vino blanco,1l,Despensa,Vinagres
DS-VI-004,Vinagre de Módena,1l,Despensa,Vinagres
DS-VI-005,Vinagre de vino tinto,1l,Despensa,Vinagres
FR-FR-001,Aguacates,1kg,Frutas y Verduras,Fruta
FR-FR-002,Albaricoques,1kg,Frutas y Verduras,Fruta
FR-FR-003,Anacardos,1kg,Frutas y Verduras,Fruta
FR-FR-004,Arándanos,1kg,Frutas y Verduras,Fruta
FR-FR-005,Arándanos deshidratados,1kg,Frutas y Verduras,Fruta
FR-FR-006,Ciruelas amarillas,1kg,Frutas y Verduras,Fruta
FR-FR-007,Ciruelas deshidratadas,1kg,Frutas y Verduras,Fruta
FR-FR-008,Ciruelas rojas,1kg,Frutas y Verduras,Fruta
FR-FR-009,Cocos enteros,1kg,Frutas y Verduras,Fruta
FR-FR-010,Frambuesas,1kg,Frutas y Verduras,Fruta
FR-FR-011,Fresas,1kg,Frutas y Verduras,Fruta
FR-FR-012,Granadas,1kg,Frutas y Verduras,Fruta
FR-FR-013,Higos frescos,1kg,Frutas y Verduras,Fruta
FR-FR-014,Kiwis amarillos,1kg,Frutas y Verduras,Fruta
FR-FR-015,Kiwis verdes,1kg,Frutas y Verduras,Fruta
FR-FR-016,Limones,1kg,Frutas y Verduras,Fruta
FR-FR-017,Mandarinas,1kg,Frutas y Verduras,Fruta
FR-FR-018,Mango,1kg,Frutas y Verduras,Fruta
FR-FR-019,Manzanas rojas,1kg,Frutas y Verduras,Fruta
FR-FR-020,Manzanas verdes,1kg,Frutas y Verduras,Fruta
FR-FR-021,Melocotones,1kg,Frutas y Verduras,Fruta
FR-FR-022,Melón piel de sapo,1kg,Frutas y Verduras,Fruta
FR-FR-023,Moras,1kg,Frutas y Verduras,Fruta
FR-FR-024,Naranjas de mesa,1kg,Frutas y Verduras,Fruta
FR-FR-025,Naranjas para zumo,1kg,Frutas y Verduras,Fruta
FR-FR-026,Nectarinas,1kg,Frutas y Verduras,Fruta
FR-FR-027,Papaya,1kg,Frutas y Verduras,Fruta
FR-FR-028,Pasas sultanas,1kg,Frutas y Verduras,Fruta
FR-FR-029,Peras conferencia,1kg,Frutas y Verduras,Fruta
FR-FR-030,Piña natural,1kg,Frutas y Verduras,Fruta
FR-FR-031,Plátanos de Canarias,1kg,Frutas y Verduras,Fruta
FR-FR-032,Pomelos,1kg,Frutas y Verduras,Fruta
FR-FR-033,Sandía rayada,1kg,Frutas y Verduras,Fruta
FR-FR-034,Shiitake fresco,1kg,Frutas y Verduras,Fruta
FR-FR-035,Uvas blancas,1kg,Frutas y Verduras,Fruta
FR-FR-036,Uvas negras,1kg,Frutas y Verduras,Fruta
FR-FS-001,Avellanas,150g,Frutas y Verduras,Frutos secos
FR-FS-002,Castañas frescas,150g,Frutas y Verduras,Frutos secos
FR-FS-003,Frutos secos a granel: almendras crudas,150g,Frutas y Verduras,Frutos secos
FR-FS-004,Mezcla de frutos secos crudos,150g,Frutas y Verduras,Frutos secos
FR-FS-005,Mezcla de frutos secos tostados,150g,Frutas y Verduras,Frutos secos
FR-FS-006,Nueces,150g,Frutas y Verduras,Frutos secos
FR-FS-007,Cebolla frita,150g,Frutas y Verduras,Frutos secos
FR-FS-008,Pistachos,150g,Frutas y Verduras,Frutos secos
FR-SE-001,Champiñones enteros,250g,Frutas y Verduras,Setas
FR-SE-002,Champiñones laminados,250g,Frutas y Verduras,Setas
FR-SE-003,Setas variadas,250g,Frutas y Verduras,Setas
FR-VE-001,Acelgas,1kg,Frutas y Verduras,Verduras
FR-VE-002,Ajos cabeza,1kg,Frutas y Verduras,Verduras
FR-VE-003,Ajos pelados,1kg,Frutas y Verduras,Verduras
FR-VE-004,Albahaca fresca,1kg,Frutas y Verduras,Verduras
FR-VE-005,Almendras tostadas,1kg,Frutas y Verduras,Verduras
FR-VE-006,Apio,1kg,Frutas y Verduras,Verduras
FR-VE-007,Berenjenas,1kg,Frutas y Verduras,Verduras
FR-VE-008,Brócoli,1kg,Frutas y Verduras,Verduras
FR-VE-009,Brotes variados,1kg,Frutas y Verduras,Verduras
FR-VE-010,Calabacines,1kg,Frutas y Verduras,Verduras
FR-VE-011,Calabaza entera,1kg,Frutas y Verduras,Verduras
FR-VE-012,Calabaza troceada,1kg,Frutas y Verduras,Verduras
FR-VE-013,Cebollas blancas,1kg,Frutas y Verduras,Verduras
FR-VE-014,Cebollas dulces,1kg,Frutas y Verduras,Verduras
FR-VE-015,Cebollas rojas,1kg,Frutas y Verduras,Verduras
FR-VE-016,Cebollino fresco,1kg,Frutas y Verduras,Verduras
FR-VE-017,Cilantro fresco,1kg,Frutas y Verduras,Verduras
FR-VE-018,Col blanca,1kg,Frutas y Verduras,Verduras
FR-VE-019,Col lombarda,1kg,Frutas y Verduras,Verduras
FR-VE-020,Col rizada (kale),1kg,Frutas y Verduras,Verduras
FR-VE-021,Coliflor,1kg,Frutas y Verduras,Verduras
FR-VE-022,Eneldo fresco,1kg,Frutas y Verduras,Verduras
FR-VE-023,Espinacas frescas,1kg,Frutas y Verduras,Verduras
FR-VE-024,Hierbabuena fresca,1kg,Frutas y Verduras,Verduras
FR-VE-025,Judías verdes planas,1kg,Frutas y Verduras,Verduras
FR-VE-026,Judías verdes redondas,1kg,Frutas y Verduras,Verduras
FR-VE-027,Lechuga hoja de roble,1kg,Frutas y Verduras,Verduras
FR-VE-028,Lechuga iceberg,1kg,Frutas y Verduras,Verduras
FR-VE-029,Lechuga romana,1kg,Frutas y Verduras,Verduras
FR-VE-030,Maíz dulce en mazorca,1kg,Frutas y Verduras,Verduras
FR-VE-031,Nabo,1kg,Frutas y Verduras,Verduras
FR-VE-032,Patatas blancas,malla 3kg,Frutas y Verduras,Verduras
FR-VE-033,Patatas nuevas,malla 3kg,Frutas y Verduras,Verduras
FR-VE-034,Patatas para freír,malla 3kg,Frutas y Verduras,Verduras
FR-VE-035,Patatas blancas,malla 5kg,Frutas y Verduras,Verduras
FR-VE-036,Patatas nuevas,malla 5kg,Frutas y Verduras,Verduras
FR-VE-037,Patatas para freír,malla 5kg,Frutas y Verduras,Verduras
FR-VE-038,Pepinos español,1kg,Frutas y Verduras,Verduras
FR-VE-039,Pepinos holandés,1kg,Frutas y Verduras,Verduras
FR-VE-040,Perejil fresco,1kg,Frutas y Verduras,Verduras
FR-VE-041,Pimientos amarillos,1kg,Frutas y Verduras,Verduras
FR-VE-042,Pimientos del padrón,1kg,Frutas y Verduras,Verduras
FR-VE-043,Pimientos italianos,1kg,Frutas y Verduras,Verduras
FR-VE-044,Pimientos rojos,1kg,Frutas y Verduras,Verduras
FR-VE-045,Pimientos verdes,1kg,Frutas y Verduras,Verduras
FR-VE-046,Puerros,1kg,Frutas y Verduras,Verduras
FR-VE-047,Rábanos,1kg,Frutas y Verduras,Verduras
FR-VE-048,Remolacha fresca,1kg,Frutas y Verduras,Verduras
FR-VE-049,Romero fresco,1kg,Frutas y Verduras,Verduras
FR-VE-050,Salvia fresca,1kg,Frutas y Verduras,Verduras
FR-VE-051,Tomate cherry,1kg,Frutas y Verduras,Verduras
FR-VE-052,Tomate pera,1kg,Frutas y Verduras,Verduras
FR-VE-053,Tomate rama,1kg,Frutas y Verduras,Verduras
FR-VE-054,Tomates de ensalada,1kg,Frutas y Verduras,Verduras
FR-VE-055,Tomillo fresco,1kg,Frutas y Verduras,Verduras
FR-VE-056,Zanahorias,1kg,Frutas y Verduras,Verduras
HO-AM-001,Ambientador eléctrico recambio,1ud,Hogar,Ambientadores
HO-AM-002,Ambientador en aerosol,1ud,Hogar,Ambientadores
HO-BO-001,Bolsas de basura 30L,1ud,Hogar,Bolsas de basura y congelacion
HO-BO-002,Bolsas de basura 50L,1ud,Hogar,Bolsas de basura y congelacion
HO-BO-003,Bolsas de congelación con cierre,1ud,Hogar,Bolsas de basura y congelacion
HO-DE-001,Detergente en cápsulas,1ud,Hogar,Detergentes para ropa
HO-DE-002,Detergente en polvo,1ud,Hogar,Detergentes para ropa
HO-DE-003,Detergente líquido para lavadora,1ud,Hogar,Detergentes para ropa
HO-DE-004,Jabón para prendas delicadas,1ud,Hogar,Detergentes para ropa
HO-DE-005,Quitamanchas en spray,1ud,Hogar,Detergentes para ropa
HO-LA-001,Abrillantador lavavajillas,1ud,Hogar,Lavavajillas
HO-LA-002,Lavavajillas manual limón,1ud,Hogar,Lavavajillas
HO-LA-003,Lavavajillas máquina en pastillas,1ud,Hogar,Lavavajillas
HO-LA-004,Sal para lavavajillas,1ud,Hogar,Lavavajillas
HO-LE-001,Desinfectante multiusos,1ud,Hogar,Lejia y desinfectantes
HO-LE-002,Lejía con detergente,1ud,Hogar,Lejia y desinfectantes
HO-LE-003,Lejía concentrada,1ud,Hogar,Lejia y desinfectantes
HO-LI-001,Limpiacristales en spray,1ud,Hogar,Limpiadores de superficie
HO-LI-002,Limpiador amoniacal,1ud,Hogar,Limpiadores de superficie
HO-LI-003,Limpiador de baño antical,1ud,Hogar,Limpiadores de superficie
HO-LI-004,Limpiador de cocina desengrasante,1ud,Hogar,Limpiadores de superficie
HO-LI-005,Limpiador de suelos fregasuelos,1ud,Hogar,Limpiadores de superficie
HO-LI-006,Limpiador multiusos,1ud,Hogar,Limpiadores de superficie
HO-SU-001,Suavizante ropa floral,1ud,Hogar,Suavizantes
HO-SU-002,Suavizante ropa hipoalergénico,1ud,Hogar,Suavizantes
HO-UT-001,Bayetas multiusos,pack,Hogar,Utensilios y consumibles de limpieza
HO-UT-002,Estropajos fuertes,pack,Hogar,Utensilios y consumibles de limpieza
HO-UT-003,Estropajos suaves,pack,Hogar,Utensilios y consumibles de limpieza
HO-UT-004,Guantes de limpieza de látex,pack,Hogar,Utensilios y consumibles de limpieza
HO-UT-005,Paños de microfibra,pack,Hogar,Utensilios y consumibles de limpieza
HO-UT-006,Papel aluminio,1ud,Hogar,Utensilios y consumibles de limpieza
HO-UT-007,Papel de cocina rollo,1ud,Hogar,Utensilios y consumibles de limpieza
HO-UT-008,Papel film transparente,1ud,Hogar,Utensilios y consumibles de limpieza
LA-GR-001,Margarina vegetal,250g,Lácteos y Huevos,Grasas vegetales
LA-HU-001,Claras de huevo pasteurizadas,1l,Lácteos y Huevos,Huevos
LA-HU-002,Huevos camperos,12ud,Lácteos y Huevos,Huevos
LA-HU-003,Huevos talla XL docena,12ud,Lácteos y Huevos,Huevos
LA-HU-004,Huevos talla L docena,12ud,Lácteos y Huevos,Huevos
LA-HU-005,Huevos talla M docena,12ud,Lácteos y Huevos,Huevos
LA-LE-001,Leche de almendras,1l,Lácteos y Huevos,"Leche y bebidas ""lácteas"""
LA-LE-002,Leche de arroz,1l,Lácteos y Huevos,"Leche y bebidas ""lácteas"""
LA-LE-003,Leche de avena,1l,Lácteos y Huevos,"Leche y bebidas ""lácteas"""
LA-LE-004,Leche de soja,1l,Lácteos y Huevos,"Leche y bebidas ""lácteas"""
LA-LE-005,Leche desnatada brik,1l,Lácteos y Huevos,"Leche y bebidas ""lácteas"""
LA-LE-006,Leche entera brik,1l,Lácteos y Huevos,"Leche y bebidas ""lácteas"""
LA-LE-007,Leche semidesnatada brik,1l,Lácteos y Huevos,"Leche y bebidas ""lácteas"""
LA-LE-008,Leche desnatada botella,"1,5l",Lácteos y Huevos,"Leche y bebidas ""lácteas"""
LA-LE-009,Leche entera botella,"1,5l",Lácteos y Huevos,"Leche y bebidas ""lácteas"""
LA-LE-010,Leche semidesnatada botella,"1,5l",Lácteos y Huevos,"Leche y bebidas ""lácteas"""
LA-LE-011,Leche sin lactosa entera,1l,Lácteos y Huevos,"Leche y bebidas ""lácteas"""
LA-LE-012,Leche sin lactosa semi,1l,Lácteos y Huevos,"Leche y bebidas ""lácteas"""
LA-MA-001,Crema de leche espesa,1ud,Lácteos y Huevos,Mantequillas y Natas
LA-MA-002,Mantequilla con sal,1ud,Lácteos y Huevos,Mantequillas y Natas
LA-MA-003,Mantequilla sin sal,1ud,Lácteos y Huevos,Mantequillas y Natas
LA-MA-004,Nata para cocinar,1ud,Lácteos y Huevos,Mantequillas y Natas
LA-MA-005,Nata para montar,1ud,Lácteos y Huevos,Mantequillas y Natas
LA-PO-001,Flan de huevo,pack,Lácteos y Huevos,Postres lácteos
LA-PO-002,Flan de vainilla,pack,Lácteos y Huevos,Postres lácteos
LA-PO-003,Natillas de vainilla,pack,Lácteos y Huevos,Postres lácteos
LA-PO-004,Postres lácteos de chocolate,pack,Lácteos y Huevos,Postres lácteos
LA-QU-001,Queso azul,1kg,Lácteos y Huevos,Quesos
LA-QU-002,Queso brie,1kg,Lácteos y Huevos,Quesos
LA-QU-003,Queso camembert,1kg,Lácteos y Huevos,Quesos
LA-QU-004,Queso cheddar en lonchas,1ud,Lácteos y Huevos,Quesos
LA-QU-005,Queso de cabra rulo,1kg,Lácteos y Huevos,Quesos
LA-QU-006,Queso en lonchas para sándwich,pack,Lácteos y Huevos,Quesos
LA-QU-007,Queso fresco batido,1ud,Lácteos y Huevos,Quesos
LA-QU-008,Queso fresco de burgos,pack,Lácteos y Huevos,Quesos
LA-QU-009,Queso manchego curado,1kg,Lácteos y Huevos,Quesos
LA-QU-010,Queso manchego semicurado,1kg,Lácteos y Huevos,Quesos
LA-QU-011,Queso rallado mezcla,1ud,Lácteos y Huevos,Quesos
LA-QU-012,Queso rallado mozzarella,1ud,Lácteos y Huevos,Quesos
LA-QU-013,Queso rallado para gratinar,1ud,Lácteos y Huevos,Quesos
LA-QU-014,Requesón,1ud,Lácteos y Huevos,Quesos
LA-YO-001,Yogur de sabores surtidos,pack,Lácteos y Huevos,Yogures
LA-YO-002,Yogur griego azucarado,pack,Lácteos y Huevos,Yogures
LA-YO-003,Yogur griego natural,pack,Lácteos y Huevos,Yogures
LA-YO-004,Yogur líquido bebible,pack,Lácteos y Huevos,Yogures
LA-YO-005,Yogur natural azucarado,pack,Lácteos y Huevos,Yogures
LA-YO-006,Yogur natural sin azúcar,pack,Lácteos y Huevos,Yogures
MA-AR-001,Arena aglomerante para gatos,1ud,Mascotas,Arena y asea para gatos
MA-AR-002,Arena de sílice para gatos,1ud,Mascotas,Arena y asea para gatos
MA-AR-003,Bandeja higiénica para gatos,1ud,Mascotas,Arena y asea para gatos
MA-CG-001,Comida húmeda para gato sobres,1kg,Mascotas,Comida para gatos
MA-CG-002,Pienso seco para gato adulto,1kg,Mascotas,Comida para gatos
MA-CG-003,Pienso seco para gato cachorro,1kg,Mascotas,Comida para gatos
MA-CG-004,Pienso seco para gato esterilizado,1kg,Mascotas,Comida para gatos
MA-CP-001,Comida húmeda para perro lata,1kg,Mascotas,Comida para perros
MA-CP-002,Huesos masticables perro,1kg,Mascotas,Comida para perros
MA-CP-003,Pienso seco para perro adulto,1kg,Mascotas,Comida para perros
MA-CP-004,Pienso seco para perro cachorro,1kg,Mascotas,Comida para perros
MA-CP-005,Pienso seco para perro senior,1kg,Mascotas,Comida para perros
MA-CP-006,Snacks dentales para perro,1kg,Mascotas,Comida para perros
MA-JU-001,Juguete con plumas para gatos,1ud,Mascotas,Juguetes y accesorios
MA-JU-002,Juguete de cuerda para perro,1ud,Mascotas,Juguetes y accesorios
MA-JU-003,Pelota de goma para perro,1ud,Mascotas,Juguetes y accesorios
MA-JU-004,Rascador para gatos,1ud,Mascotas,Juguetes y accesorios
PA-BO-001,Bollos de leche,1kg,Panadería y Pastelería,Bollos
PA-BO-002,Churros para freír,1kg,Panadería y Pastelería,Bollos
PA-BO-003,Croissants mantequilla,1kg,Panadería y Pastelería,Bollos
PA-BO-004,Croissants rellenos de chocolate,1kg,Panadería y Pastelería,Bollos
PA-BO-005,Ensaimadas,1kg,Panadería y Pastelería,Bollos
PA-BO-006,Magdalenas clásicas,1kg,Panadería y Pastelería,Bollos
PA-BO-007,Magdalenas integrales,1kg,Panadería y Pastelería,Bollos
PA-PA-001,Bases de pizza frescas,pack,Panadería y Pastelería,Pan fresco
PA-PA-002,Pan baguette,1ud,Panadería y Pastelería,Pan fresco
PA-PA-003,Pan barra artesana,1ud,Panadería y Pastelería,Pan fresco
PA-PA-004,Pan de bocadillo integral,1ud,Panadería y Pastelería,Pan fresco
PA-PA-005,Pan de hamburguesa,pack,Panadería y Pastelería,Pan fresco
PA-PA-006,Pan de molde blanco,pack,Panadería y Pastelería,Pan fresco
PA-PA-007,Pan de molde sin corteza,pack,Panadería y Pastelería,Pan fresco
PA-PA-008,Pan de perrito caliente,pack,Panadería y Pastelería,Pan fresco
PA-PA-009,Pan de pueblo,1ud,Panadería y Pastelería,Pan fresco
PA-PA-010,Pan integral de molde,pack,Panadería y Pastelería,Pan fresco
PA-PA-011,Picos de pan,pack,Panadería y Pastelería,Pan fresco
PA-PA-012,Regañás,pack,Panadería y Pastelería,Pan fresco
PA-PT-001,Tarta de manzana,1ud,Panadería y Pastelería,Pasteles y Tartas
PA-PT-002,Tarta de queso,1ud,Panadería y Pastelería,Pasteles y Tartas
PA-PT-003,Tarta de tres chocolates,1ud,Panadería y Pastelería,Pasteles y Tartas
PA-PT-004,Tarta de zanahoria,1ud,Panadería y Pastelería,Pasteles y Tartas
PA-RE-001,Bizcocho de limón,1ud,Panadería y Pastelería,Reposteria
PA-RE-002,Bizcocho de yogur,1ud,Panadería y Pastelería,Reposteria
PA-RE-003,Bizcocho marmolado,1ud,Panadería y Pastelería,Reposteria
PA-RE-004,Colines integrales,pack,Panadería y Pastelería,Reposteria
PA-RE-005,Donuts de chocolate,pack,Panadería y Pastelería,Reposteria
PA-RE-006,Donuts glaseados,pack,Panadería y Pastelería,Reposteria
PA-RE-007,Galletas de hojaldre,pack,Panadería y Pastelería,Reposteria
PA-RE-008,Hojaldres rellenos de crema,pack,Panadería y Pastelería,Reposteria
PA-RE-009,Masa de hojaldre fresca,pack,Panadería y Pastelería,Reposteria
PA-RE-010,Napolitanas de chocolate,pack,Panadería y Pastelería,Reposteria
PA-RE-011,Napolitanas de crema,pack,Panadería y Pastelería,Reposteria
PA-RE-012,Palmeras de hojaldre,pack,Panadería y Pastelería,Reposteria
PA-RE-013,Pastelitos surtidos,pack,Panadería y Pastelería,Reposteria
PA-RE-014,Rosquillas fritas,pack,Panadería y Pastelería,Reposteria
PE-MA-001,Bogavante,1kg,Pescadería,Marisco
PE-MA-002,Buey de mar,1kg,Pescadería,Marisco
PE-MA-003,Cangrejo de mar,1kg,Pescadería,Marisco
PE-MA-004,Cigalas,1kg,Pescadería,Marisco
PE-MA-005,Gambas frescas,1kg,Pescadería,Marisco
PE-MA-006,Gambón argentino,1kg,Pescadería,Marisco
PE-MA-007,Langostinos cocidos,1kg,Pescadería,Marisco
PE-MA-008,Langostinos crudos,1kg,Pescadería,Marisco
PE-MA-009,Ostras,1kg,Pescadería,Marisco
PE-MA-010,Palitos de cangrejo refrigerados,1kg,Pescadería,Marisco
PE-MO-001,Almejas finas,1kg,Pescadería,Moluscos
PE-MO-002,Anillas de calamar,1kg,Pescadería,Moluscos
PE-MO-003,Berberechos,1kg,Pescadería,Moluscos
PE-MO-004,Calamares enteros,1kg,Pescadería,Moluscos
PE-MO-005,Chipirones limpios,1kg,Pescadería,Moluscos
PE-MO-006,Mejillones frescos,1kg,Pescadería,Moluscos
PE-MO-007,Navajas,1kg,Pescadería,Moluscos
PE-MO-008,Ostras,1kg,Pescadería,Moluscos
PE-MO-009,Pulpo congelado descongelado,1kg,Pescadería,Moluscos
PE-MO-010,Sepia limpia,1kg,Pescadería,Moluscos
PE-PE-001,Anchoas frescas,1kg,Pescadería,Pescado
PE-PE-002,Atún fresco,1kg,Pescadería,Pescado
PE-PE-003,Bacalao fresco,1kg,Pescadería,Pescado
PE-PE-004,Bonito del norte,1kg,Pescadería,Pescado
PE-PE-005,Boquerones frescos,1kg,Pescadería,Pescado
PE-PE-006,Caballa fresca,1kg,Pescadería,Pescado
PE-PE-007,Dorada entera,1kg,Pescadería,Pescado
PE-PE-008,Jureles,1kg,Pescadería,Pescado
PE-PE-009,Lenguado,1kg,Pescadería,Pescado
PE-PE-010,Lubina entera,1kg,Pescadería,Pescado
PE-PE-011,Merluza fresca en lomos,1kg,Pescadería,Pescado
PE-PE-012,Merluza fresca en rodajas,1kg,Pescadería,Pescado
PE-PE-013,Rape en trozos,1kg,Pescadería,Pescado
PE-PE-014,Rodaballo por porciones,1kg,Pescadería,Pescado
PE-PE-015,Salmón fresco en lomos,1kg,Pescadería,Pescado
PE-PE-016,Salmón fresco en rodajas,1kg,Pescadería,Pescado
PE-PE-017,Salmonete,1kg,Pescadería,Pescado
PE-PE-018,Sardinas frescas,1kg,Pescadería,Pescado
PP-BO-001,Sándwich mixto envasado,1ud,Platos preparados,Bocadillos y Sándwich listos
PP-BO-002,Sándwich vegetal,1ud,Platos preparados,Bocadillos y Sándwich listos
PP-EN-001,Ensalada César lista para comer,1ud,Platos preparados,Ensaladas listas
PP-EN-002,Ensalada de col (coleslaw),1ud,Platos preparados,Ensaladas listas
PP-EN-003,Ensalada de pasta preparada,1ud,Platos preparados,Ensaladas listas
PP-EN-004,Ensaladilla rusa,1ud,Platos preparados,Ensaladas listas
PP-PA-001,Fideuá preparada,racion,Platos preparados,Platos de pasta / arroz / fideos
PP-PA-002,Lasaña fresca refrigerada,racion,Platos preparados,Platos de pasta / arroz / fideos
PP-PA-003,Paella lista para calentar,racion,Platos preparados,Platos de pasta / arroz / fideos
PP-PC-001,Albóndigas en salsa preparadas,racion,Platos preparados,Platos de carne / ave
PP-PC-002,Callos preparados,racion,Platos preparados,Platos de carne / ave
PP-PC-003,Canelones de carne frescos,racion,Platos preparados,Platos de carne / ave
PP-PC-004,Costillas BBQ preparadas,racion,Platos preparados,Platos de carne / ave
PP-PC-005,Croquetas de jamón preparadas,racion,Platos preparados,Platos de carne / ave
PP-PC-006,Croquetas de pollo preparadas,racion,Platos preparados,Platos de carne / ave
PP-PC-007,Empanada de carne,racion,Platos preparados,Platos de carne / ave
PP-PC-008,Medio pollo asado,racion,Platos preparados,Platos de carne / ave
PP-PC-009,Pollo asado entero,racion,Platos preparados,Platos de carne / ave
PP-PC-010,Wraps de pollo,racion,Platos preparados,Platos de carne / ave
PP-PL-001,Empanada gallega de atún,racion,Platos preparados,Platos de pescado / marino
PP-PL-002,Makis vegetales,racion,Platos preparados,Platos de pescado / marino
PP-PL-003,Nigiris surtidos,racion,Platos preparados,Platos de pescado / marino
PP-PL-004,Sushi variado bandeja,racion,Platos preparados,Platos de pescado / marino
PP-SO-001,Gazpacho fresco refrigerado,1l,Platos preparados,Sopas y cremas frías
PP-SO-002,Salmorejo refrigerado,1l,Platos preparados,Sopas y cremas frías
PP-TO-001,Tortilla de patatas con cebolla,1ud,Platos preparados,Tortilas y platos de huevos preparados
PP-TO-002,Tortilla de patatas entera,1ud,Platos preparados,Tortilas y platos de huevos preparados