id,id_producto,nombre,precio,categoria_id,categoria,subcategoria,imagen,url,actualizado
7222,ME-0001,Patata,0.46€,null,Frutas y Verduras,Verduras,https://prod-mercadona.imgix.net/images/12ec1b808bbcbc2d5ad6b40d9021cf76.jpg?fit=crop&h=300&w=300,https://tienda.mercadona.es/product/69066/patata-pieza,2026-03-09 20:22:03.238437
7223,ME-0002,Patatas,4.65€,null,Frutas y Verduras,Verduras,https://prod-mercadona.imgix.net/images/af5d11159ebfb515c949c3959cc745fa.jpg?fit=crop&h=300&w=300,https://tienda.mercadona.es/product/69166/patatas-malla,2026-03-09 20:22:03.238437
7235,ME-0003,Patatas rojas,3.80€,null,Frutas y Verduras,Verduras,https://prod-mercadona.imgix.net/images/12962dac735b6d3c60e7448d339640a8.jpg?fit=crop&h=300&w=300,https://tienda.mercadona.es/product/69098/patatas-rojas-malla,2026-03-09 20:22:03.238437
7227,ME-0004,Patatas guarnición,2.55€,null,Frutas y Verduras,Verduras,https://prod-mercadona.imgix.net/images/df2dd24063ff1787bf0e643da4f9e9ed.jpg?fit=crop&h=300&w=300,https://tienda.mercadona.es/product/69386/patatas-guarnicion-malla,2026-03-09 20:22:03.238437
7077,ME-0005,Batata,0.78€,null,Frutas y Verduras,Verduras,https://prod-mercadona.imgix.net/images/d6ce6c208e5da752ee3a7f6f1ccb2066.jpg?fit=crop&h=300&w=300,https://tienda.mercadona.es/product/69239/batata-pieza,2026-03-09 20:21:32.851756
7226,ME-0006,Patatas especial para freir,3.90€,null,Frutas y Verduras,Verduras,https://prod-mercadona.imgix.net/images/9573ce3b902f86934b52cae8ccc3f484.jpg?fit=crop&h=300&w=300,https://tienda.mercadona.es/product/69448/patatas-especial-freir-malla,2026-03-09 20:22:03.238437
7315,ME-0007,Yuca,2.00€,null,Frutas y Verduras,Verduras,https://prod-mercadona.imgix.net/images/3c82a0206ba8e480e6b24eba31eae9d8.jpg?fit=crop&h=300&w=300,https://tienda.mercadona.es/product/69173/yuca-pieza,2026-03-09 20:22:03.238437
7097,ME-0008,Cebollas tiernas,1.70€,null,Frutas y Verduras,Verduras,https://prod-mercadona.imgix.net/images/3bbcca66baefa5c56bae00a07ca106f1.jpg?fit=crop&h=300&w=300,https://tienda.mercadona.es/product/69139/cebollas-tiernas-manojo,2026-03-09 20:22:03.238437
7094,ME-0009,Cebollas,3.90€,null,Frutas y Verduras,Verduras,https://prod-mercadona.imgix.net/images/cbac375be71722d4dda73aee34eb8d1d.jpg?fit=crop&h=300&w=300,https://tienda.mercadona.es/product/69079/cebollas-malla,2026-03-09 20:22:03.238437
7065,ME-0010,Ajos morados,1.85€,null,Frutas y Verduras,Verduras,https://prod-mercadona.imgix.net/images/3e754d795d63e6a75070fb672c24d773.jpg?fit=crop&h=300&w=300,https://tienda.mercadona.es/product/69297/ajos-morados-malla,2026-03-09 20:21:32.851756
7095,ME-0011,Cebollas dulces,2.50€,null,Frutas y Verduras,Verduras,https://prod-mercadona.imgix.net/images/3475cee1b1d471cac93d94f90d601a57.jpg?fit=crop&h=300&w=300,https://tienda.mercadona.es/product/69155/cebollas-dulces-sabor-suave-malla,2026-03-09 20:22:03.238437
7096,ME-0012,Cebollas rojas,1.40€,null,Frutas y Verduras,Verduras,https://prod-mercadona.imgix.net/images/6355edd6a46dd65c79c83798d1ab4ea9.jpg?fit=crop&h=300&w=300,https://tienda.mercadona.es/product/69162/cebollas-rojas-malla,2026-03-09 20:22:03.238437
7060,ME-0013,Ajo negro dientes pelados,5.00€,null,Frutas y Verduras,Verduras,https://prod-mercadona.imgix.net/images/d72d34d490b5823b07a7fc87db75979a.jpg?fit=crop&h=300&w=300,https://tienda.mercadona.es/product/69695/ajo-negro-dientes-pelados-tarrina,2026-03-09 20:21:32.851756
7244,ME-0014,Picada de ajo y perejil,1.50€,null,Frutas y Verduras,Verduras,https://prod-mercadona.imgix.net/images/736f2be4a71ddeef9fb68dc3b4189b41.jpg?fit=crop&h=300&w=300,https://tienda.mercadona.es/product/40475/picada-ajo-perejil-bandeja,2026-03-09 20:22:03.238437
7295,ME-0015,Tomate ensalada,0.58€,null,Frutas y Verduras,Verduras,https://prod-mercadona.imgix.net/images/ccb2b42ba2bb6a7b692dac6101074709.jpg?fit=crop&h=300&w=300,https://tienda.mercadona.es/product/69937/tomate-ensalada-pieza,2026-03-09 20:22:03.238437
7293,ME-0016,Tomate canario,0.46€,null,Frutas y Verduras,Verduras,https://prod-mercadona.imgix.net/images/74f33f458b7f5fa55cdb4490730cccd8.jpg?fit=crop&h=300&w=300,https://tienda.mercadona.es/product/69968/tomate-canario-pieza,2026-03-09 20:22:03.238437
7298,ME-0017,Tomate pera,0.26€,null,Frutas y Verduras,Verduras,https://prod-mercadona.imgix.net/images/29e2448e80d5a23e8fc907138e551748.jpg?fit=crop&h=300&w=300,https://tienda.mercadona.es/product/69912/tomate-pera-pieza,2026-03-09 20:22:03.238437
7310,ME-0018,Tomates pera,2.48€,null,Frutas y Verduras,Verduras,https://prod-mercadona.imgix.net/images/e6be89640a5eb62ef5d156093c0fae0f.jpg?fit=crop&h=300&w=300,https://tienda.mercadona.es/product/69975/tomates-pera-bandeja,2026-03-09 20:22:03.238437
7308,ME-0019,Tomates cherry pera kumato,1.60€,null,Frutas y Verduras,Verduras,https://prod-mercadona.imgix.net/images/0b7b48379a277881183c9d692b671999.jpg?fit=crop&h=300&w=300,https://tienda.mercadona.es/product/69930/tomates-cherry-pera-kumato-bandeja,2026-03-09 20:22:03.238437
7306,ME-0020,Tomates cherry,2.00€,null,Frutas y Verduras,Verduras,https://prod-mercadona.imgix.net/images/686833b9bfd1cc7f410c39199a347a85.jpg?fit=crop&h=300&w=300,https://tienda.mercadona.es/product/69990/tomates-cherry-bandeja,2026-03-09 20:22:03.238437
7307,ME-0021,Tomates cherry en rama Dulcita,2.50€,null,Frutas y Verduras,Verduras,https://prod-mercadona.imgix.net/images/66cbca38df7850609b4eaa53baace8b0.jpg?fit=crop&h=300&w=300,https://tienda.mercadona.es/product/69414/tomates-cherry-rama-dulcita-bandeja,2026-03-09 20:22:03.238437
7309,ME-0022,Tomates negros,2.94€,null,Frutas y Verduras,Verduras,https://prod-mercadona.imgix.net/images/9dcdcd3905a23003d0033161674abf16.jpg?fit=crop&h=300&w=300,https://tienda.mercadona.es/product/69976/tomates-kumato-negro-bandeja,2026-03-09 20:22:03.238437
7304,ME-0023,Tomates,3.80€,null,Frutas y Verduras,Verduras,https://prod-mercadona.imgix.net/images/8d8b0344fdd594338795d6d4e7f496aa.jpg?fit=crop&h=300&w=300,https://tienda.mercadona.es/product/69971/tomates-malla,2026-03-09 20:22:03.238437
7297,ME-0024,Tomate negro,0.41€,null,Frutas y Verduras,Verduras,https://prod-mercadona.imgix.net/images/9db6e4f61e86494e992acf3529e066cd.jpg?fit=crop&h=300&w=300,https://tienda.mercadona.es/product/69935/tomate-kumato-negro-pieza,2026-03-09 20:22:03.238437
7299,ME-0025,Tomate rallado,1.45€,null,Frutas y Verduras,Verduras,https://prod-mercadona.imgix.net/images/3e710720845fde2965e96f24b08c864e.jpg?fit=crop&h=300&w=300,https://tienda.mercadona.es/product/69938/tomate-rallado-tarrina,2026-03-09 20:22:03.238437
7271,ME-0026,Rama de Tomates,1.75€,null,Frutas y Verduras,Verduras,https://prod-mercadona.imgix.net/images/b865049658bc89eaf2131c967ee4d57e.jpg?fit=crop&h=300&w=300,https://tienda.mercadona.es/product/69487/rama-tomates-granel,2026-03-09 20:22:03.238437
7300,ME-0027,Tomate rosa,1.39€,null,Frutas y Verduras,Verduras,https://prod-mercadona.imgix.net/images/0a29af1acbea6e28de6911bc2253b876.jpg?fit=crop&h=300&w=300,https://tienda.mercadona.es/product/69444/tomate-rosa-pieza,2026-03-09 20:22:03.238437
7305,ME-0028,Tomates Anhel,2.52€,null,Frutas y Verduras,Verduras,https://prod-mercadona.imgix.net/images/626ba7141f74a36e97aac6f5bf034623.jpg?fit=crop&h=300&w=300,https://tienda.mercadona.es/product/69446/tomates-anhel-bandeja,2026-03-09 20:22:03.238437
7265,ME-0029,Plátano de Canarias IGP,0.35€,null,Frutas y Verduras,Fruta,https://prod-mercadona.imgix.net/images/e4a37940916985bf5ca166e266580c37.jpg?fit=crop&h=300&w=300,https://tienda.mercadona.es/product/3819/platano-canarias-igp-pieza,2026-03-09 20:22:03.238437
7075,ME-0030,Banana,0.28€,null,Frutas y Verduras,Fruta,https://prod-mercadona.imgix.net/images/69edef3541bbf3f4b7173c9d617a5698.jpg?fit=crop&h=300&w=300,https://tienda.mercadona.es/product/3824/banana-pieza,2026-03-09 20:21:32.851756
7266,ME-0031,Plátano macho,0.81€,null,Frutas y Verduras,Fruta,https://prod-mercadona.imgix.net/images/c22baa2a17de06fbf8477ef25392b7ca.jpg?fit=crop&h=300&w=300,https://tienda.mercadona.es/product/3132/platano-macho-pieza,2026-03-09 20:22:03.238437
7311,ME-0032,Uva blanca sin semillas,3.30€,null,Frutas y Verduras,Fruta,https://prod-mercadona.imgix.net/images/8c2869f14785d4c8c4179c715782c115.jpg?fit=crop&h=300&w=300,https://tienda.mercadona.es/product/3313/uva-blanca-sin-semillas-bandeja,2026-03-09 20:22:03.238437
7312,ME-0033,Uva roja sin semillas,3.30€,null,Frutas y Verduras,Fruta,https://prod-mercadona.imgix.net/images/2ea068289141c18a788be53ca37c4247.jpg?fit=crop&h=300&w=300,https://tienda.mercadona.es/product/3321/uva-roja-sin-semillas-bandeja,2026-03-09 20:22:03.238437
7318,ME-0034,Zanahorias,1.35€,null,Frutas y Verduras,Verduras,https://prod-mercadona.imgix.net/images/b41923237e0611a8847a8b3c38e8abea.jpg?fit=crop&h=300&w=300,https://tienda.mercadona.es/product/69586/zanahorias-paquete,2026-03-09 20:22:03.238437
7237,ME-0035,Pepino,0.40€,null,Frutas y Verduras,Verduras,https://prod-mercadona.imgix.net/images/a1e854648225054f10d2bac80ca7ca98.jpg?fit=crop&h=300&w=300,https://tienda.mercadona.es/product/69584/pepino-pieza,2026-03-09 20:22:03.238437
7238,ME-0036,Pepino holandés,1.13€,null,Frutas y Verduras,Verduras,https://prod-mercadona.imgix.net/images/e691b00f83a443e975b76a9a7b591fd6.jpg?fit=crop&h=300&w=300,https://tienda.mercadona.es/product/69964/pepino-holandes-pieza,2026-03-09 20:22:03.238437
7219,ME-0037,Palitos de zanahoria,2.10€,null,Frutas y Verduras,Verduras,https://prod-mercadona.imgix.net/images/96e23b094630af760552da5ae8217c72.jpg?fit=crop&h=300&w=300,https://tienda.mercadona.es/product/69877/palitos-zanahoria-tarrina,2026-03-09 20:22:03.238437
7317,ME-0038,Zanahoria rallada lavada,1.00€,null,Frutas y Verduras,Verduras,https://prod-mercadona.imgix.net/images/55981cabbe3dfaa2216e5038375cb91d.jpg?fit=crop&h=300&w=300,https://tienda.mercadona.es/product/69722/zanahoria-rallada-base-ensalada-paquete,2026-03-09 20:22:03.238437
7190,ME-0039,Manzana Golden,0.53€,null,Frutas y Verduras,Fruta,https://prod-mercadona.imgix.net/images/12cc1ef38a5b781f364ca22e46a25ad7.jpg?fit=crop&h=300&w=300,https://tienda.mercadona.es/product/3028/manzana-golden-pieza,2026-03-09 20:22:03.238437
7195,ME-0040,Manzanas Golden,3.10€,null,Frutas y Verduras,Fruta,https://prod-mercadona.imgix.net/images/022fa8e1cd6c9d9ee18a41ed06d71c35.jpg?fit=crop&h=300&w=300,https://tienda.mercadona.es/product/3269/manzanas-golden-bolsa,2026-03-09 20:22:03.238437
7239,ME-0041,Pera Conferencia,0.44€,null,Frutas y Verduras,Fruta,https://prod-mercadona.imgix.net/images/debea7dc78060cb9cab5c608e7f9eb27.jpg?fit=crop&h=300&w=300,https://tienda.mercadona.es/product/3119/pera-conferencia-pieza,2026-03-09 20:22:03.238437
7240,ME-0042,Peras Conferencia,2.28€,null,Frutas y Verduras,Fruta,https://prod-mercadona.imgix.net/images/158b08c139cba5362b335f8b0a715cc8.jpg?fit=crop&h=300&w=300,https://tienda.mercadona.es/product/14470/peras-conferencia,2026-03-09 20:22:03.238437
7194,ME-0043,Manzana roja dulce,0.59€,null,Frutas y Verduras,Fruta,https://prod-mercadona.imgix.net/images/b1d42057f2bbd3c9ce25da9a2dcba0f4.jpg?fit=crop&h=300&w=300,https://tienda.mercadona.es/product/8177/manzana-roja-dulce-pieza,2026-03-09 20:22:03.238437
7197,ME-0044,Manzanas rojas dulces,3.86€,null,Frutas y Verduras,Fruta,https://prod-mercadona.imgix.net/images/87f801433e34719ba9bdc226616e7511.jpg?fit=crop&h=300&w=300,https://tienda.mercadona.es/product/8280/manzanas-rojas-dulces-bolsa,2026-03-09 20:22:03.238437
7191,ME-0045,Manzana Granny Smith,0.48€,null,Frutas y Verduras,Fruta,https://prod-mercadona.imgix.net/images/fea3470bee0679f0e081916ec48c0b36.jpg?fit=crop&h=300&w=300,https://tienda.mercadona.es/product/3021/manzana-granny-smith-pieza,2026-03-09 20:22:03.238437
7192,ME-0046,Manzana Reineta,0.58€,null,Frutas y Verduras,Fruta,https://prod-mercadona.imgix.net/images/a1162f96056d2ad71bd60828be2a97b3.jpg?fit=crop&h=300&w=300,https://tienda.mercadona.es/product/3201/manzana-reineta-pieza,2026-03-09 20:22:03.238437
7193,ME-0047,Manzana roja acidulce,0.60€,null,Frutas y Verduras,Fruta,https://prod-mercadona.imgix.net/images/22301daf320667073b7662206e508c36.jpg?fit=crop&h=300&w=300,https://tienda.mercadona.es/product/8175/manzana-roja-acidulce-pieza,2026-03-09 20:22:03.238437
7196,ME-0048,Manzanas rojas acidulces,3.86€,null,Frutas y Verduras,Fruta,https://prod-mercadona.imgix.net/images/e65f4165ef836b54f4cb49b719b269bd.jpg?fit=crop&h=300&w=300,https://tienda.mercadona.es/product/8268/manzanas-rojas-acidulces-bolsa,2026-03-09 20:22:03.238437
7201,ME-0049,Medio melón piel de sapo,5.52€,null,Frutas y Verduras,Fruta,https://prod-mercadona.imgix.net/images/3022ff8aa96d13f4d814dec4f06b8b4c.jpg?fit=crop&h=300&w=300,https://tienda.mercadona.es/product/30200/medio-melon-piel-sapo-12-pieza,2026-03-09 20:22:03.238437
7205,ME-0050,Melón piel de sapo,6.80€,null,Frutas y Verduras,Fruta,https://prod-mercadona.imgix.net/images/bd4459355f58bc265a2c6720b688e3c3.jpg?fit=crop&h=300&w=300,https://tienda.mercadona.es/product/3506/melon-piel-sapo-pieza,2026-03-09 20:22:03.238437
7245,ME-0051,Pimiento rojo,1.16€,null,Frutas y Verduras,Verduras,https://prod-mercadona.imgix.net/images/6a280610f9bfadf9b78b2197c21acfae.jpg?fit=crop&h=300&w=300,https://tienda.mercadona.es/product/69310/pimiento-rojo-pieza,2026-03-09 20:22:03.238437
7085,ME-0052,Calabacín verde,0.78€,null,Frutas y Verduras,Verduras,https://prod-mercadona.imgix.net/images/ebbfb6a904fe02ba5a88b02f2be911fd.jpg?fit=crop&h=300&w=300,https://tienda.mercadona.es/product/69338/calabacin-verde-pieza,2026-03-09 20:22:03.238437
7248,ME-0053,Pimiento verde freír,0.25€,null,Frutas y Verduras,Verduras,https://prod-mercadona.imgix.net/images/ace6cddb107859b9d019cdd773ffda00.jpg?fit=crop&h=300&w=300,https://tienda.mercadona.es/product/69320/pimiento-verde-freir-pieza,2026-03-09 20:22:03.238437
7084,ME-0054,Calabacín blanco,0.91€,null,Frutas y Verduras,Verduras,https://prod-mercadona.imgix.net/images/50a267029cedf70b9f9a52c389deb4bc.jpg?fit=crop&h=300&w=300,https://tienda.mercadona.es/product/69339/calabacin-blanco-pieza,2026-03-09 20:22:03.238437
7247,ME-0055,Pimiento verde,0.78€,null,Frutas y Verduras,Verduras,https://prod-mercadona.imgix.net/images/00d691c0cf3f098281e923b716d89f83.jpg?fit=crop&h=300&w=300,https://tienda.mercadona.es/product/69312/pimiento-verde-pieza,2026-03-09 20:22:03.238437
7258,ME-0056,Pimientos tricolor,2.18€,null,Frutas y Verduras,Verduras,https://prod-mercadona.imgix.net/images/e877aafe8bb04d341a37a0ad6ba60b3c.jpg?fit=crop&h=300&w=300,https://tienda.mercadona.es/product/69495/pimientos-tricolor-rojo-amarillo-verde-bandeja,2026-03-09 20:22:03.238437
7257,ME-0057,Pimientos semipicantes,1.35€,null,Frutas y Verduras,Verduras,https://prod-mercadona.imgix.net/images/49cfe3b1d6f5e5b9dc3ca5ba71b34d50.jpg?fit=crop&h=300&w=300,https://tienda.mercadona.es/product/69590/pimientos-semipicantes-paquete,2026-03-09 20:22:03.238437
7186,ME-0058,Limones,2.20€,null,Frutas y Verduras,Fruta,https://prod-mercadona.imgix.net/images/1d482fa781e179d28c83a714efe1beaa.jpg?fit=crop&h=300&w=300,https://tienda.mercadona.es/product/3236/limones-malla,2026-03-09 20:22:03.238437
7184,ME-0059,Limón,0.58€,null,Frutas y Verduras,Fruta,https://prod-mercadona.imgix.net/images/c86c13521b625c34a7543a22019080d5.jpg?fit=crop&h=300&w=300,https://tienda.mercadona.es/product/3210/limon-pieza,2026-03-09 20:22:03.238437
7187,ME-0060,Mandarina,0.33€,null,Frutas y Verduras,Fruta,https://prod-mercadona.imgix.net/images/7fde4546900f0fbd38e02be6cc4ea6ed.jpg?fit=crop&h=300&w=300,https://tienda.mercadona.es/product/3238/mandarina-pieza,2026-03-09 20:22:03.238437
7213,ME-0061,Naranja de mesa,0.51€,null,Frutas y Verduras,Fruta,https://prod-mercadona.imgix.net/images/e9ff28c3b115649df7138f0f51dd1f9f.jpg?fit=crop&h=300&w=300,https://tienda.mercadona.es/product/3235/naranja-mesa-pieza,2026-03-09 20:22:03.238437
7214,ME-0062,Naranjas,4.35€,null,Frutas y Verduras,Fruta,https://prod-mercadona.imgix.net/images/45e9468a6928470c2fef4b286fab0ccd.jpg?fit=crop&h=300&w=300,https://tienda.mercadona.es/product/3277/naranjas-malla,2026-03-09 20:22:03.238437
7267,ME-0063,Pomelo,0.82€,null,Frutas y Verduras,Fruta,https://prod-mercadona.imgix.net/images/33aa4801e7e15cc82d0caa406b3fb363.jpg?fit=crop&h=300&w=300,https://tienda.mercadona.es/product/3202/pomelo-pieza,2026-03-09 20:22:03.238437
7181,ME-0064,Lima,0.36€,null,Frutas y Verduras,Fruta,https://prod-mercadona.imgix.net/images/89f9d5452102413e378048f258bc0d9c.jpg?fit=crop&h=300&w=300,https://tienda.mercadona.es/product/3897/lima-pieza,2026-03-09 20:22:03.238437
7113,ME-0065,Coliflor,2.50€,null,Frutas y Verduras,Verduras,https://prod-mercadona.imgix.net/images/6d23e41208a9f845dbde60697cb4d5d2.jpg?fit=crop&h=300&w=300,https://tienda.mercadona.es/product/69220/coliflor-pieza,2026-03-09 20:22:03.238437
7274,ME-0066,Repollo liso,2.18€,null,Frutas y Verduras,Verduras,https://prod-mercadona.imgix.net/images/e8d49b238aa9719d457753bd31390f74.jpg?fit=crop&h=300&w=300,https://tienda.mercadona.es/product/69236/repollo-liso-pieza,2026-03-09 20:22:03.238437
7275,ME-0067,Repollo liso partido,1.94€,null,Frutas y Verduras,Verduras,https://prod-mercadona.imgix.net/images/3f9de2a797f15ec969b407d8ad2e65df.jpg?fit=crop&h=300&w=300,https://tienda.mercadona.es/product/68462/medio-repollo-liso-12-pieza,2026-03-09 20:22:03.238437
7276,ME-0068,Repollo rizado,1.65€,null,Frutas y Verduras,Verduras,https://prod-mercadona.imgix.net/images/3e6a378138cf685c88973899bb0841a4.jpg?fit=crop&h=300&w=300,https://tienda.mercadona.es/product/69238/repollo-rizado-pieza,2026-03-09 20:22:03.238437
7202,ME-0069,Medio repollo rizado,1.91€,null,Frutas y Verduras,Verduras,https://prod-mercadona.imgix.net/images/c63ea2034ed897845fd3ae75c5007ee1.jpg?fit=crop&h=300&w=300,https://tienda.mercadona.es/product/68463/medio-repollo-rizado-12-pieza,2026-03-09 20:22:03.238437
7111,ME-0070,Coles de bruselas,2.40€,null,Frutas y Verduras,Verduras,https://prod-mercadona.imgix.net/images/a5f1e8a052d117199299685c86765e15.jpg?fit=crop&h=300&w=300,https://tienda.mercadona.es/product/69379/coles-bruselas-paquete,2026-03-09 20:22:03.238437
7110,ME-0071,Col lombarda,2.68€,null,Frutas y Verduras,Verduras,https://prod-mercadona.imgix.net/images/7798d5fc27ec9df3b3336c68302e5972.jpg?fit=crop&h=300&w=300,https://tienda.mercadona.es/product/69251/col-lombarda-pieza,2026-03-09 20:22:03.238437
7199,ME-0072,Media col lombarda,1.51€,null,Frutas y Verduras,Verduras,https://prod-mercadona.imgix.net/images/d3e88a38f23ebbd24626ea172ded9b52.jpg?fit=crop&h=300&w=300,https://tienda.mercadona.es/product/69258/media-col-lombarda-12-pieza,2026-03-09 20:22:03.238437
7176,ME-0073,Lechuga Iceberg,1.05€,null,Frutas y Verduras,Verduras,https://prod-mercadona.imgix.net/images/320cf3cbed15d3543322144333ce1a98.jpg?fit=crop&h=300&w=300,https://tienda.mercadona.es/product/68130/lechuga-iceberg-pieza,2026-03-09 20:22:03.238437
7131,ME-0074,Ensalada mezcla 4 estaciones lavada,0.85€,null,Frutas y Verduras,Verduras,https://prod-mercadona.imgix.net/images/521b7ea477692d5b5ae5835f2aea842c.jpg?fit=crop&h=300&w=300,https://tienda.mercadona.es/product/69706/ensalada-mezcla-4-estaciones-compuesta-lechuga-iceberg-zanahoria-col-lombarda-paquete,2026-03-09 20:22:03.238437
7179,ME-0075,Lechugas corazón romana,1.75€,null,Frutas y Verduras,Verduras,https://prod-mercadona.imgix.net/images/f073d57203d1d5b93f0aa0b07f5b1f3a.jpg?fit=crop&h=300&w=300,https://tienda.mercadona.es/product/69121/lechugas-corazon-romana-paquete,2026-03-09 20:22:03.238437
7132,ME-0076,Ensalada mezcla brotes tiernos lavada,1.20€,null,Frutas y Verduras,Verduras,https://prod-mercadona.imgix.net/images/77a9cc89e7a3c57a49e23a71517e4796.jpg?fit=crop&h=300&w=300,https://tienda.mercadona.es/product/69757/ensalada-mezcla-brotes-tiernos-compuesta-brotes-batavia-roja-verde-lollo-rojo-rucula-espinaca-baby-paquete,2026-03-09 20:22:03.238437
7087,ME-0077,Canónigos lavados,1.20€,null,Frutas y Verduras,Verduras,https://prod-mercadona.imgix.net/images/f0e683ae77cdd6372eaafd6420cc0171.jpg?fit=crop&h=300&w=300,https://tienda.mercadona.es/product/69719/canonigos-paquete,2026-03-09 20:22:03.238437
7177,ME-0078,Lechuga iceberg cortada y lavada,0.95€,null,Frutas y Verduras,Verduras,https://prod-mercadona.imgix.net/images/580c669243865a140be58304751de37b.jpg?fit=crop&h=300&w=300,https://tienda.mercadona.es/product/69670/lechuga-iceberg-paquete,2026-03-09 20:22:03.238437
7135,ME-0079,Ensalada mezcla gourmet lavada,1.10€,null,Frutas y Verduras,Verduras,https://prod-mercadona.imgix.net/images/ce7ab9785a4b5272bbe8893fb9a2ae3a.jpg?fit=crop&h=300&w=300,https://tienda.mercadona.es/product/69744/ensalada-mezcla-gourmet-compuesta-escarola-rizada-radicchio-canonigos-paquete,2026-03-09 20:22:03.238437
7109,ME-0080,Cogollos de lechuga,1.05€,null,Frutas y Verduras,Verduras,https://prod-mercadona.imgix.net/images/ed00cb0a9feaf3a20d726b38ad22f70c.jpg?fit=crop&h=300&w=300,https://tienda.mercadona.es/product/69581/cogollos-lechuga-paquete,2026-03-09 20:22:03.238437
7174,ME-0081,Lechuga corazón romana,1.10€,null,Frutas y Verduras,Verduras,https://prod-mercadona.imgix.net/images/ecea548419831d3cfa93562fbe38f8f6.jpg?fit=crop&h=300&w=300,https://tienda.mercadona.es/product/69122/lechuga-corazon-romana-paquete,2026-03-09 20:22:03.238437
7124,ME-0082,Endibias,2.00€,null,Frutas y Verduras,Verduras,https://prod-mercadona.imgix.net/images/76fc3f03f8e58cf726c8812de3321869.jpg?fit=crop&h=300&w=300,https://tienda.mercadona.es/product/69591/endibias-bandeja,2026-03-09 20:22:03.238437
7133,ME-0083,Ensalada mezcla brotes tiernos maxi lavada,1.65€,null,Frutas y Verduras,Verduras,https://prod-mercadona.imgix.net/images/11ebbe4d020f773396a255d3ba44b2e0.jpg?fit=crop&h=300&w=300,https://tienda.mercadona.es/product/69810/ensalada-mezcla-brotes-tiernos-maxi-compuesto-batavia-roja-verde-lollo-rojo-espinacas-rucula-paquete,2026-03-09 20:22:03.238437
7136,ME-0084,Ensalada mezcla gourmet maxi lavada,1.75€,null,Frutas y Verduras,Verduras,https://prod-mercadona.imgix.net/images/0929ebf10d8559d3c6dd22334c32c263.jpg?fit=crop&h=300&w=300,https://tienda.mercadona.es/product/69741/ensalada-mezcla-gourmet-maxi-compuesta-escarola-rizada-canonigos-achicoria-paquete,2026-03-09 20:22:03.238437
7277,ME-0085,Rúcula lavada,0.85€,null,Frutas y Verduras,Verduras,https://prod-mercadona.imgix.net/images/83a2c7a099eeace37c9fd9081cfc8e76.jpg?fit=crop&h=300&w=300,https://tienda.mercadona.es/product/69753/rucula-paquete,2026-03-09 20:22:03.238437
7108,ME-0086,Cogollos corazón de lechuga,2.00€,null,Frutas y Verduras,Verduras,https://prod-mercadona.imgix.net/images/32724f0afddc5a4c7a25227c253b4227.jpg?fit=crop&h=300&w=300,https://tienda.mercadona.es/product/69582/cogollos-corazon-lechuga-paquete,2026-03-09 20:22:03.238437
7134,ME-0087,Ensalada mezcla dúo canónigos y rúcula lavada,1.45€,null,Frutas y Verduras,Verduras,https://prod-mercadona.imgix.net/images/e9c3ec4c50c66754bbe94ab1ddaee683.jpg?fit=crop&h=300&w=300,https://tienda.mercadona.es/product/69697/ensalada-mezcla-duo-canonigos-rucula-paquete,2026-03-09 20:22:03.238437
7175,ME-0088,Lechuga hoja roble,1.60€,null,Frutas y Verduras,Verduras,https://prod-mercadona.imgix.net/images/e6c61271d21736c09049e28c7a5d0c1b.jpg?fit=crop&h=300&w=300,https://tienda.mercadona.es/product/69114/lechuga-hoja-roble-paquete,2026-03-09 20:22:03.238437
7138,ME-0089,Escarola rizada cortada y lavada,1.25€,null,Frutas y Verduras,Verduras,https://prod-mercadona.imgix.net/images/1d36f182ba3c84584ce170e6a85b7363.jpg?fit=crop&h=300&w=300,https://tienda.mercadona.es/product/69720/escarola-rizada-paquete,2026-03-09 20:22:03.238437
7137,ME-0090,Escarola rizada,1.90€,null,Frutas y Verduras,Verduras,https://prod-mercadona.imgix.net/images/0519eae2b26f56f98a5e95a6c2a6f669.jpg?fit=crop&h=300&w=300,https://tienda.mercadona.es/product/68233/escarola-rizada-paquete,2026-03-09 20:22:03.238437
7150,ME-0091,Espinacas baby lavadas,1.15€,null,Frutas y Verduras,Verduras,https://prod-mercadona.imgix.net/images/a91f13d218a7badd0b10b7b0e3088f20.jpg?fit=crop&h=300&w=300,https://tienda.mercadona.es/product/69984/espinaca-baby-paquete,2026-03-09 20:22:03.238437
7178,ME-0092,Lechuga romana cortada y lavada,1.15€,null,Frutas y Verduras,Verduras,https://prod-mercadona.imgix.net/images/de27c05991934ccea736560b54d21694.jpg?fit=crop&h=300&w=300,https://tienda.mercadona.es/product/69435/lechuga-romana-cortada-paquete,2026-03-09 20:22:03.238437
7172,ME-0093,Kiwi verde,0.39€,null,Frutas y Verduras,Fruta,https://prod-mercadona.imgix.net/images/49e3e74a455daf4169248dfb52ae9a6d.jpg?fit=crop&h=300&w=300,https://tienda.mercadona.es/product/3820/kiwi-verde-pieza,2026-03-09 20:22:03.238437
7173,ME-0094,Kiwis verdes,3.47€,null,Frutas y Verduras,Fruta,https://prod-mercadona.imgix.net/images/e887a535440a80f19a036df7d70f124a.jpg?fit=crop&h=300&w=300,https://tienda.mercadona.es/product/3832/kiwis-verdes-bandeja,2026-03-09 20:22:03.238437
7057,ME-0095,Aguacate,1.18€,null,Frutas y Verduras,Fruta,https://prod-mercadona.imgix.net/images/b1dee7e254871996d81c69a656fa4304.jpg?fit=crop&h=300&w=300,https://tienda.mercadona.es/product/3830/aguacate-pieza,2026-03-09 20:21:32.851756
7058,ME-0096,Aguacates,3.87€,null,Frutas y Verduras,Fruta,https://prod-mercadona.imgix.net/images/3626a39afce23381b73d55fb7a4a3c7d.jpg?fit=crop&h=300&w=300,https://tienda.mercadona.es/product/3858/aguacates-bandeja,2026-03-09 20:21:32.851756
7259,ME-0097,Piña,4.44€,null,Frutas y Verduras,Fruta,https://prod-mercadona.imgix.net/images/9dd42248e51d82317d3e48eaa166d56e.jpg?fit=crop&h=300&w=300,https://tienda.mercadona.es/product/3076/pina-pieza,2026-03-09 20:22:03.238437
7200,ME-0098,Media piña,2.25€,null,Frutas y Verduras,Fruta,https://prod-mercadona.imgix.net/images/2cc079fbeca1eb8ac12638a7e7f13971.jpg?fit=crop&h=300&w=300,https://tienda.mercadona.es/product/30506/media-pina-12-pieza,2026-03-09 20:22:03.238437
7262,ME-0099,Piña natural a rodajas,3.80€,null,Frutas y Verduras,Fruta,https://prod-mercadona.imgix.net/images/447329070430fee9d487dd3124975cb8.jpg?fit=crop&h=300&w=300,https://tienda.mercadona.es/product/3024/pina-natural-rodajas-bote,2026-03-09 20:22:03.238437
8392,ME-0100,Guacamole Hacendado,3.95€,null,Platos preparados,Ensaladas listas,https://prod-mercadona.imgix.net/images/5c3a7d00a6c79339f48bae00593089ed.jpg?fit=crop&h=300&w=300,https://tienda.mercadona.es/product/3840/guacamole-hacendado-95-aguacate-fresco-tarrina,2026-03-09 20:23:00.537743